episode_id,asset_id,common_response_method,frozen_predictor,object_position_rmse_m,object_rotation_rmse_rad,object_endpoint_error_m,fit_usage,prediction,GT_structure
test_45385_01,45385,B1,B0_translation_phase_diagnostic,0.0006865441711232099,0.0012244158998391,0.0012971229264097522,none,"conditional geometry, measured EE phase",not used
test_45385_01,45385,B1,B0_rotation_phase_local,0.0001686664858441037,0.00023008805483413223,0.00031257490985822157,none,"conditional geometry, measured EE phase",not used
test_45385_01,45385,B1,B1_once,0.00010034082910498716,0.00021263477029670772,0.00014819484059427505,none,"conditional geometry, measured EE phase",not used
test_45385_01,45385,B1,B2_refined_proposal,0.00010822936321707043,0.00019173745161754245,0.00024626322600776544,none,"conditional geometry, measured EE phase",not used
test_45385_01,45385,B1,B2_adopted,0.00010034082910498716,0.00021263477029670772,0.00014819484059427505,none,"conditional geometry, measured EE phase",not used
test_45385_01,45385,B1,dataset_GT_structure_diagnostic,0.00013482694485972372,0.00018884947299909925,0.00018189543886675907,none,"conditional geometry, measured EE phase",diagnostic oracle only
test_45671_00,45671,B1,B0_translation_phase_diagnostic,0.0005874815076379091,0.0017702541521899223,0.0011103623662702532,none,"conditional geometry, measured EE phase",not used
test_45671_00,45671,B1,B0_rotation_phase_local,0.00019360951482282852,0.000472046022146555,0.0003764976018994059,none,"conditional geometry, measured EE phase",not used
test_45671_00,45671,B1,B1_once,8.009589430962599e-05,0.00042278542016880135,0.00013073396199765155,none,"conditional geometry, measured EE phase",not used
test_45671_00,45671,B1,B2_refined_proposal,9.47625324758728e-05,0.0002109391317562792,0.0001222329659868214,none,"conditional geometry, measured EE phase",not used
test_45671_00,45671,B1,B2_adopted,8.009589430962599e-05,0.00042278542016880135,0.00013073396199765155,none,"conditional geometry, measured EE phase",not used
test_45671_00,45671,B1,dataset_GT_structure_diagnostic,0.00012454691956755948,0.0002112122149223903,0.0001802922190286931,none,"conditional geometry, measured EE phase",diagnostic oracle only
test_45671_01,45671,B1,B0_translation_phase_diagnostic,0.0005684299221582975,0.001786565910823168,0.0010769841374512242,none,"conditional geometry, measured EE phase",not used
test_45671_01,45671,B1,B0_rotation_phase_local,0.0003137563033238868,0.0004351827026931793,0.0005827789283030082,none,"conditional geometry, measured EE phase",not used
test_45671_01,45671,B1,B1_once,0.00010312040670470366,0.00018709344939837482,0.00020022639217065106,none,"conditional geometry, measured EE phase",not used
test_45671_01,45671,B1,B2_refined_proposal,0.00012823823745538652,6.821052397626414e-05,0.0002605503315990174,none,"conditional geometry, measured EE phase",not used
test_45671_01,45671,B1,B2_adopted,0.00010312040670470366,0.00018709344939837482,0.00020022639217065106,none,"conditional geometry, measured EE phase",not used
test_45671_01,45671,B1,dataset_GT_structure_diagnostic,4.071146145828551e-05,6.825136543945445e-05,9.212260715342763e-05,none,"conditional geometry, measured EE phase",diagnostic oracle only
