method,reason,count
B0,UNOBSERVABLE,2
B1,UNOBSERVABLE,2
B2,UNOBSERVABLE,2
B0,LOW_JOINT_MARGIN,3
B1,FINAL_TRUE_RELATIVE_SLIP,2
B2,FINAL_TRUE_RELATIVE_SLIP,2
B1,LOW_JOINT_MARGIN,1
B2,LOW_JOINT_MARGIN,1
B0,DANGEROUS_LOADED_CONTACT:gripper_link2:/World/articulated_pose/asset/Geometry/l_world/l_0/abstract_0_1/l_1/tn__l_1_original36_aL/tn__l_1_original36_aL,1
B1,DANGEROUS_LOADED_CONTACT:gripper_link2:/World/articulated_pose/asset/Geometry/l_world/l_0/abstract_0_1/l_1/tn__l_1_original36_aL/tn__l_1_original36_aL,1
B2,DANGEROUS_LOADED_CONTACT:gripper_link2:/World/articulated_pose/asset/Geometry/l_world/l_0/abstract_0_1/l_1/tn__l_1_original36_aL/tn__l_1_original36_aL,1
B0,NO_MOBILE_RECOVERY,4
B1,NO_MOBILE_RECOVERY,4
B2,NO_MOBILE_RECOVERY,4
B0,BILATERAL_HOLD_NOT_ESTABLISHED,2
B1,BILATERAL_HOLD_NOT_ESTABLISHED,2
B2,BILATERAL_HOLD_NOT_ESTABLISHED,2
