episode_id,asset_id,method,status,bilateral_grasp,original_task_success,actual_opening_deg,minimum_joint_margin_rad,peak_load_n,online_observability_limit,video,maximum_true_relative_translation_drift_m,final_true_relative_translation_drift_m,maximum_true_relative_rotation_drift_deg,interaction_path_m,interaction_duration_s,true_relative_drift_is_evaluation_only,heldout_reached,hold_completed,probe_duration_s,probe_path_m,model_update_accepted,controller_model,T1_discovery_object_position_rmse_m,T1_discovery_object_rotation_rmse_rad,T1_discovery_object_endpoint_error_m,T1_discovery_ee_position_rmse_m,T1_discovery_axis_error_deg,T1_discovery_axis_line_error_m,controller_model_object_position_rmse_m,controller_model_object_rotation_rmse_rad,controller_model_object_endpoint_error_m,controller_model_ee_position_rmse_m,controller_model_axis_error_deg,controller_model_axis_line_error_m,controller_object_rmse_m,T2_refined_object_position_rmse_m,T2_refined_object_rotation_rmse_rad,T2_refined_object_endpoint_error_m,T2_refined_ee_position_rmse_m,T2_refined_axis_error_deg,T2_refined_axis_line_error_m,prior_summary,shared_prefix_failure,fixed_base_feasible,reused_frozen_shared_prefix_failure
test_47601_00,47601,B0,UNOBSERVABLE,True,False,-9.713705395597572e-09,0.13384859648742675,0.6383307533130301,contact-plane drift only; full drift unavailable online,/data1/home/rangeryx/fr3_real2sim_piper_mobile/results/paper_structure_20261005_v2/comparisons/test_47601_00/B0/contact_baseline.mp4,0.00022113094293170862,0.00022113094293170862,0.1135414076973254,0.0003985472877565276,51.96666666666667,True,False,False,49.96666666666667,0.0003713227771626411,False,none,,,,,,,,,,,,,,,,,,,,,,,
test_47601_00,47601,B1,UNOBSERVABLE,True,False,-9.713705395597572e-09,0.13384859648742675,0.6383307533130301,contact-plane drift only; full drift unavailable online,/data1/home/rangeryx/fr3_real2sim_piper_mobile/results/paper_structure_20261005_v2/comparisons/test_47601_00/B1/contact_baseline.mp4,0.00022113094293170862,0.00022113094293170862,0.1135414076973254,0.0003985472877565276,51.96666666666667,True,False,False,49.96666666666667,0.0003713227771626411,False,original,,,,,,,,,,,,,,,,,,,,,,,
test_47601_00,47601,B2,UNOBSERVABLE,True,False,-9.713705395597572e-09,0.13384859648742675,0.6383307533130301,contact-plane drift only; full drift unavailable online,/data1/home/rangeryx/fr3_real2sim_piper_mobile/results/paper_structure_20261005_v2/comparisons/test_47601_00/B2/contact_baseline.mp4,0.00022113094293170862,0.00022113094293170862,0.1135414076973254,0.0003985472877565276,51.96666666666667,True,False,False,49.96666666666667,0.0003713227771626411,False,original,,,,,,,,,,,,,,,,,,,,,,,
test_47601_01,47601,B0,UNOBSERVABLE,True,False,-0.9999999967164153,0.10040156928100585,0.6303603163139062,contact-plane drift only; full drift unavailable online,/data1/home/rangeryx/fr3_real2sim_piper_mobile/results/paper_structure_20261005_v2/comparisons/test_47601_01/B0/contact_baseline.mp4,0.0002796318582005233,0.0002795986079534179,1.1239287997362062,0.00047463326659743187,51.999999999999986,True,False,False,49.999999999999986,0.0004506616476570029,False,none,,,,,,,,,,,,,,,,,,,,,,,
test_47601_01,47601,B1,UNOBSERVABLE,True,False,-0.9999999967164153,0.10040156928100585,0.6303603163139062,contact-plane drift only; full drift unavailable online,/data1/home/rangeryx/fr3_real2sim_piper_mobile/results/paper_structure_20261005_v2/comparisons/test_47601_01/B1/contact_baseline.mp4,0.0002796318582005233,0.0002795986079534179,1.1239287997362062,0.00047463326659743187,51.999999999999986,True,False,False,49.999999999999986,0.0004506616476570029,False,original,,,,,,,,,,,,,,,,,,,,,,,
test_47601_01,47601,B2,UNOBSERVABLE,True,False,-0.9999999967164153,0.10040156928100585,0.6303603163139062,contact-plane drift only; full drift unavailable online,/data1/home/rangeryx/fr3_real2sim_piper_mobile/results/paper_structure_20261005_v2/comparisons/test_47601_01/B2/contact_baseline.mp4,0.0002796318582005233,0.0002795986079534179,1.1239287997362062,0.00047463326659743187,51.999999999999986,True,False,False,49.999999999999986,0.0004506616476570029,False,original,,,,,,,,,,,,,,,,,,,,,,,
test_45385_01,45385,B0,LOW_JOINT_MARGIN,True,False,4.149077415466309,0.04999487486877441,0.6420864075988578,contact-plane drift only; full drift unavailable online,/data1/home/rangeryx/fr3_real2sim_piper_mobile/results/paper_structure_20261005_v2/comparisons/test_45385_01/B0/contact_baseline.mp4,0.004430711053578573,0.004430711053578573,0.2442916571319627,0.09087111895709113,183.16666666666669,True,False,False,10.633333333333326,0.004742817563568326,False,none,,,,,,,,,,,,,,,,,,,,,,,
test_45385_01,45385,B1,FINAL_TRUE_RELATIVE_SLIP,True,False,3.811093330383301,0.08032553282775878,0.6420864075988578,contact-plane drift only; full drift unavailable online,/data1/home/rangeryx/fr3_real2sim_piper_mobile/results/paper_structure_20261005_v2/comparisons/test_45385_01/B1/contact_baseline.mp4,0.00418963012855813,0.004189568446909992,0.2639360630521497,0.08361296798366796,178.36666666666667,True,True,True,22.96666666666667,0.010914938470605508,False,discovery_fallback,0.00010034082910498716,0.00021263477029670772,0.00014819484059427505,0.0002258147560371492,6.480221773241537,0.07021981232632249,0.00010034082910498716,0.00021263477029670772,0.00014819484059427505,0.0002258147560371492,6.480221773241537,0.07021981232632249,0.00010034082910498716,,,,,,,,,,
test_45385_01,45385,B2,FINAL_TRUE_RELATIVE_SLIP,True,False,3.803610324859619,0.07899003115692138,0.6420864075988578,contact-plane drift only; full drift unavailable online,/data1/home/rangeryx/fr3_real2sim_piper_mobile/results/paper_structure_20261005_v2/comparisons/test_45385_01/B2/contact_baseline.mp4,0.004277903600875418,0.004277903600875418,0.3111781081290976,0.08344274216930408,178.36666666666667,True,True,True,22.96666666666667,0.010914938470605508,False,discovery_fallback,0.0001568483651482865,0.00017431058234015714,0.00026770207630827625,0.00011082463236084877,6.480221773241537,0.07021981232632249,0.0001568483651482865,0.00017431058234015714,0.00026770207630827625,0.00011082463236084877,6.480221773241537,0.07021981232632249,0.0001568483651482865,0.0002574284204056044,3.918221183784022e-05,0.0004959440047000094,0.0002586610897651956,0.6110462044797468,0.21292872564822948,,,,
test_45671_00,45671,B0,LOW_JOINT_MARGIN,True,False,5.0924201011657715,0.049994159613037104,0.6407819837043016,contact-plane drift only; full drift unavailable online,/data1/home/rangeryx/fr3_real2sim_piper_mobile/results/paper_structure_20261005_v2/comparisons/test_45671_00/B0/contact_baseline.mp4,0.0015406311482904186,0.0015406311482904186,0.19203291293525424,0.07697399524861244,155.23333333333335,True,False,False,10.666666666666657,0.004753534781501794,False,none,,,,,,,,,,,,,,,,,,,,,,,
test_45671_00,45671,B1,LOW_JOINT_MARGIN,True,False,5.050684452056885,0.04999845114746093,0.6407819837043016,contact-plane drift only; full drift unavailable online,/data1/home/rangeryx/fr3_real2sim_piper_mobile/results/paper_structure_20261005_v2/comparisons/test_45671_00/B1/contact_baseline.mp4,0.001605386209603647,0.001605386209603647,0.24212237781278925,0.07640420598591874,162.63333333333333,True,True,False,16.0,0.007421256429023498,False,discovery_fallback,8.009589430962599e-05,0.00042278542016880135,0.00013073396199765155,0.00020379242591949293,12.777449329152235,0.04489220382677435,8.009589430962599e-05,0.00042278542016880135,0.00013073396199765155,0.00020379242591949293,12.777449329152235,0.04489220382677435,8.009589430962599e-05,,,,,,,,,,
test_45671_00,45671,B2,LOW_JOINT_MARGIN,True,False,5.047214031219482,0.04999475565948486,0.6407819837043016,contact-plane drift only; full drift unavailable online,/data1/home/rangeryx/fr3_real2sim_piper_mobile/results/paper_structure_20261005_v2/comparisons/test_45671_00/B2/contact_baseline.mp4,0.001641427469901395,0.001641427469901395,0.24509461083424658,0.07633957668669525,162.46666666666664,True,True,False,16.0,0.007421256429023498,False,discovery_fallback,0.00011192980756622947,0.00048729668348661823,0.0001655541444337949,0.0003171664131474746,12.777449329152235,0.04489220382677435,0.00011192980756622947,0.00048729668348661823,0.0001655541444337949,0.0003171664131474746,12.777449329152235,0.04489220382677435,0.00011192980756622947,0.00010158259760070914,0.00022354762545411135,0.00014817282338156688,0.00016838178547547318,0.1044870196541622,0.025685526446957038,,,,
test_45671_01,45671,B0,LOW_JOINT_MARGIN,True,False,5.966130256652832,0.049991417799377436,0.6225159227622059,contact-plane drift only; full drift unavailable online,/data1/home/rangeryx/fr3_real2sim_piper_mobile/results/paper_structure_20261005_v2/comparisons/test_45671_01/B0/contact_baseline.mp4,0.001844824906939277,0.001844824906939277,0.1773185058236412,0.08860387882447851,178.33333333333337,True,False,False,10.633333333333354,0.00474180864623555,False,none,,,,,,,,,,,,,,,,,,,,,,,
test_45671_01,45671,B1,FINAL_TRUE_RELATIVE_SLIP,True,False,5.56038236618042,0.07320718852081298,0.6225159227622059,contact-plane drift only; full drift unavailable online,/data1/home/rangeryx/fr3_real2sim_piper_mobile/results/paper_structure_20261005_v2/comparisons/test_45671_01/B1/contact_baseline.mp4,0.001663092353609504,0.0016629935588344958,0.17045224877591442,0.08266562567739544,176.4666666666667,True,True,True,19.96666666666667,0.009411333610655982,False,discovery_fallback,0.00010312040670470366,0.00018709344939837482,0.00020022639217065106,4.578865951270944e-05,5.154344041809225,0.0270546243901735,0.00010312040670470366,0.00018709344939837482,0.00020022639217065106,4.578865951270944e-05,5.154344041809225,0.0270546243901735,0.00010312040670470366,,,,,,,,,,
test_45671_01,45671,B2,FINAL_TRUE_RELATIVE_SLIP,True,False,5.580000877380371,0.07154517260589599,0.6225159227622059,contact-plane drift only; full drift unavailable online,/data1/home/rangeryx/fr3_real2sim_piper_mobile/results/paper_structure_20261005_v2/comparisons/test_45671_01/B2/contact_baseline.mp4,0.0016794543289097344,0.0016794543289097344,0.17484735047156608,0.08295470146862821,176.56666666666666,True,True,True,19.96666666666667,0.009411333610655982,False,discovery_fallback,5.120149314070647e-05,0.00017845725624707868,9.300014670742018e-05,9.650535744364245e-05,5.154344041809225,0.0270546243901735,5.120149314070647e-05,0.00017845725624707868,9.300014670742018e-05,9.650535744364245e-05,5.154344041809225,0.0270546243901735,5.120149314070647e-05,7.050883266625635e-05,8.173687956031257e-05,0.00017038893367497788,7.335896644849159e-05,0.020327945480747605,0.047620674396163826,,,,
test_45385_00,45385,B0,DANGEROUS_LOADED_CONTACT:gripper_link2:/World/articulated_pose/asset/Geometry/l_world/l_0/abstract_0_1/l_1/tn__l_1_original36_aL/tn__l_1_original36_aL,,False,,,,,,,,,,,,False,,,,,,,,,,,,,,,,,,,,,,,,,/data1/home/rangeryx/fr3_real2sim_piper_mobile/results/operational_structure_20261005_v3/episodes/test_45385_00/episode_summary.json,True,True,True
test_45385_00,45385,B1,DANGEROUS_LOADED_CONTACT:gripper_link2:/World/articulated_pose/asset/Geometry/l_world/l_0/abstract_0_1/l_1/tn__l_1_original36_aL/tn__l_1_original36_aL,,False,,,,,,,,,,,,False,,,,,,,,,,,,,,,,,,,,,,,,,/data1/home/rangeryx/fr3_real2sim_piper_mobile/results/operational_structure_20261005_v3/episodes/test_45385_00/episode_summary.json,True,True,True
test_45385_00,45385,B2,DANGEROUS_LOADED_CONTACT:gripper_link2:/World/articulated_pose/asset/Geometry/l_world/l_0/abstract_0_1/l_1/tn__l_1_original36_aL/tn__l_1_original36_aL,,False,,,,,,,,,,,,False,,,,,,,,,,,,,,,,,,,,,,,,,/data1/home/rangeryx/fr3_real2sim_piper_mobile/results/operational_structure_20261005_v3/episodes/test_45385_00/episode_summary.json,True,True,True
test_47388_00,47388,B0,NO_MOBILE_RECOVERY,,False,,,,,,,,,,,,False,,,,,,,,,,,,,,,,,,,,,,,,,/data1/home/rangeryx/fr3_real2sim_piper_mobile/results/operational_structure_20261005_v3/episodes/test_47388_00/episode_summary.json,True,False,True
test_47388_00,47388,B1,NO_MOBILE_RECOVERY,,False,,,,,,,,,,,,False,,,,,,,,,,,,,,,,,,,,,,,,,/data1/home/rangeryx/fr3_real2sim_piper_mobile/results/operational_structure_20261005_v3/episodes/test_47388_00/episode_summary.json,True,False,True
test_47388_00,47388,B2,NO_MOBILE_RECOVERY,,False,,,,,,,,,,,,False,,,,,,,,,,,,,,,,,,,,,,,,,/data1/home/rangeryx/fr3_real2sim_piper_mobile/results/operational_structure_20261005_v3/episodes/test_47388_00/episode_summary.json,True,False,True
test_47388_01,47388,B0,NO_MOBILE_RECOVERY,,False,,,,,,,,,,,,False,,,,,,,,,,,,,,,,,,,,,,,,,/data1/home/rangeryx/fr3_real2sim_piper_mobile/results/operational_structure_20261005_v3/episodes/test_47388_01/episode_summary.json,True,False,True
test_47388_01,47388,B1,NO_MOBILE_RECOVERY,,False,,,,,,,,,,,,False,,,,,,,,,,,,,,,,,,,,,,,,,/data1/home/rangeryx/fr3_real2sim_piper_mobile/results/operational_structure_20261005_v3/episodes/test_47388_01/episode_summary.json,True,False,True
test_47388_01,47388,B2,NO_MOBILE_RECOVERY,,False,,,,,,,,,,,,False,,,,,,,,,,,,,,,,,,,,,,,,,/data1/home/rangeryx/fr3_real2sim_piper_mobile/results/operational_structure_20261005_v3/episodes/test_47388_01/episode_summary.json,True,False,True
test_45916_00,45916,B0,NO_MOBILE_RECOVERY,,False,,,,,,,,,,,,False,,,,,,,,,,,,,,,,,,,,,,,,,/data1/home/rangeryx/fr3_real2sim_piper_mobile/results/operational_structure_20261005_v3/episodes/test_45916_00/episode_summary.json,True,False,True
test_45916_00,45916,B1,NO_MOBILE_RECOVERY,,False,,,,,,,,,,,,False,,,,,,,,,,,,,,,,,,,,,,,,,/data1/home/rangeryx/fr3_real2sim_piper_mobile/results/operational_structure_20261005_v3/episodes/test_45916_00/episode_summary.json,True,False,True
test_45916_00,45916,B2,NO_MOBILE_RECOVERY,,False,,,,,,,,,,,,False,,,,,,,,,,,,,,,,,,,,,,,,,/data1/home/rangeryx/fr3_real2sim_piper_mobile/results/operational_structure_20261005_v3/episodes/test_45916_00/episode_summary.json,True,False,True
test_45916_01,45916,B0,NO_MOBILE_RECOVERY,,False,,,,,,,,,,,,False,,,,,,,,,,,,,,,,,,,,,,,,,/data1/home/rangeryx/fr3_real2sim_piper_mobile/results/operational_structure_20261005_v3/episodes/test_45916_01/episode_summary.json,True,False,True
test_45916_01,45916,B1,NO_MOBILE_RECOVERY,,False,,,,,,,,,,,,False,,,,,,,,,,,,,,,,,,,,,,,,,/data1/home/rangeryx/fr3_real2sim_piper_mobile/results/operational_structure_20261005_v3/episodes/test_45916_01/episode_summary.json,True,False,True
test_45916_01,45916,B2,NO_MOBILE_RECOVERY,,False,,,,,,,,,,,,False,,,,,,,,,,,,,,,,,,,,,,,,,/data1/home/rangeryx/fr3_real2sim_piper_mobile/results/operational_structure_20261005_v3/episodes/test_45916_01/episode_summary.json,True,False,True
test_45922_00,45922,B0,BILATERAL_HOLD_NOT_ESTABLISHED,,False,,,,,,,,,,,,False,,,,,,,,,,,,,,,,,,,,,,,,,/data1/home/rangeryx/fr3_real2sim_piper_mobile/results/operational_structure_20261005_v3/episodes/test_45922_00/episode_summary.json,True,True,True
test_45922_00,45922,B1,BILATERAL_HOLD_NOT_ESTABLISHED,,False,,,,,,,,,,,,False,,,,,,,,,,,,,,,,,,,,,,,,,/data1/home/rangeryx/fr3_real2sim_piper_mobile/results/operational_structure_20261005_v3/episodes/test_45922_00/episode_summary.json,True,True,True
test_45922_00,45922,B2,BILATERAL_HOLD_NOT_ESTABLISHED,,False,,,,,,,,,,,,False,,,,,,,,,,,,,,,,,,,,,,,,,/data1/home/rangeryx/fr3_real2sim_piper_mobile/results/operational_structure_20261005_v3/episodes/test_45922_00/episode_summary.json,True,True,True
test_45922_01,45922,B0,BILATERAL_HOLD_NOT_ESTABLISHED,,False,,,,,,,,,,,,False,,,,,,,,,,,,,,,,,,,,,,,,,/data1/home/rangeryx/fr3_real2sim_piper_mobile/results/operational_structure_20261005_v3/episodes/test_45922_01/episode_summary.json,True,True,True
test_45922_01,45922,B1,BILATERAL_HOLD_NOT_ESTABLISHED,,False,,,,,,,,,,,,False,,,,,,,,,,,,,,,,,,,,,,,,,/data1/home/rangeryx/fr3_real2sim_piper_mobile/results/operational_structure_20261005_v3/episodes/test_45922_01/episode_summary.json,True,True,True
test_45922_01,45922,B2,BILATERAL_HOLD_NOT_ESTABLISHED,,False,,,,,,,,,,,,False,,,,,,,,,,,,,,,,,,,,,,,,,/data1/home/rangeryx/fr3_real2sim_piper_mobile/results/operational_structure_20261005_v3/episodes/test_45922_01/episode_summary.json,True,True,True
