index,start_estimated_state,end_estimated_state,from_rest,effort_measurement_kind,breakaway_effective_force_n,moving_effective_force_n,moving_force_std_n,moving_effort_estimated_axis_nm,moving_sample_count,actual_EE_displacement_m,stop_reason
0,0.0,0.005147694538800064,True,COMMAND_EQUIVALENT_PROXY,0.027319245029603603,0.026501443060097087,0.025533754585735934,,227,0.005141478174387857,COARSE_MODEL_AVAILABLE
1,0.005147694538800064,0.006166377362262683,False,COMMAND_EQUIVALENT_PROXY,,0.01753466343264804,0.024575664275326346,,37,0.00099688480852004,SEGMENT_COMPLETE
2,0.006166377362262683,0.007167158434446113,False,COMMAND_EQUIVALENT_PROXY,,0.01599461356570142,0.019095704867469254,,38,0.0009894422359630743,SEGMENT_COMPLETE
3,0.007167158434446113,0.008178775975234332,False,COMMAND_EQUIVALENT_PROXY,,0.014950413606599284,0.019178723558707814,,29,0.0009927658336563153,SEGMENT_COMPLETE
4,0.008178775975234332,0.009191618913173251,False,COMMAND_EQUIVALENT_PROXY,,0.013620459224897276,0.01685535895069212,,41,0.0009903356176188631,SEGMENT_COMPLETE
5,0.009191618913173251,0.010199289770617447,False,COMMAND_EQUIVALENT_PROXY,,0.020344510957585417,0.022307006304463913,,35,0.0009919228034734986,SEGMENT_COMPLETE
6,0.01020037294709043,0.011215690140536682,True,COMMAND_EQUIVALENT_PROXY,0.010792102984117704,0.007753549015023604,0.012469987215725453,,52,0.0009978568594948656,SEGMENT_COMPLETE
7,0.011215690140536682,0.012230822199635635,False,COMMAND_EQUIVALENT_PROXY,,0.039196725539431695,0.027474569651969163,,19,0.0009874695060821466,SEGMENT_COMPLETE
8,0.012230822199635635,0.013236948229092589,False,COMMAND_EQUIVALENT_PROXY,,0.019106137635349518,0.02055917935521112,,25,0.0009886223408748873,SEGMENT_COMPLETE
9,0.013236948229092589,0.014244049279906938,False,COMMAND_EQUIVALENT_PROXY,,0.02916723456106921,0.02195987241983715,,43,0.000983479706614809,SEGMENT_COMPLETE
10,0.014244049279906938,0.015259779650189645,False,COMMAND_EQUIVALENT_PROXY,,0.049543356625548686,0.027254489428359986,,32,0.0009876029138129378,SEGMENT_COMPLETE
11,0.015259779650189645,0.016260160435724536,False,COMMAND_EQUIVALENT_PROXY,,0.09117317580311009,0.035860212162946305,,26,0.0009839205343410732,SEGMENT_COMPLETE
12,0.016260160435724536,0.017278858779868105,False,COMMAND_EQUIVALENT_PROXY,,0.10309607058984506,0.03332505566167136,,25,0.000979170559700762,SEGMENT_COMPLETE
13,0.017278858779868105,0.018291473496861308,False,COMMAND_EQUIVALENT_PROXY,,0.1436065441429768,0.030142597507405396,,20,0.0009845338047342789,SEGMENT_COMPLETE
14,0.018291473496861308,0.019303734244437296,False,COMMAND_EQUIVALENT_PROXY,,0.13414135872519692,0.035486598432745896,,12,0.0010004265955371422,SEGMENT_COMPLETE
15,0.019303734244437296,0.020304859284182346,False,COMMAND_EQUIVALENT_PROXY,,0.1287932308054413,0.038181765265707296,,22,0.0009755404450721191,SEGMENT_COMPLETE
16,0.020344941158340693,0.02137452331054265,True,COMMAND_EQUIVALENT_PROXY,0.05874538622455112,0.04104890975170084,0.027675872778920634,,43,0.0010009703749474747,SEGMENT_COMPLETE
17,0.02137452331054265,0.02239595241512567,False,COMMAND_EQUIVALENT_PROXY,,0.06733574599867391,0.036663714649389126,,19,0.0009981473980084357,SEGMENT_COMPLETE
18,0.02239595241512567,0.023422439633453095,False,COMMAND_EQUIVALENT_PROXY,,0.09766640508672221,0.03307025821588768,,25,0.0009858662013165354,SEGMENT_COMPLETE
19,0.023422439633453095,0.024435251410317636,False,COMMAND_EQUIVALENT_PROXY,,0.08088037347443498,0.035450460023435805,,26,0.0009779254791151665,SEGMENT_COMPLETE
20,0.024435251410317636,0.025436129590156488,False,COMMAND_EQUIVALENT_PROXY,,0.0692026563760128,0.03661213937336013,,26,0.0009724995844669668,SEGMENT_COMPLETE
21,0.025436129590156488,0.026457500282832468,False,COMMAND_EQUIVALENT_PROXY,,0.08158363847895907,0.035844314551242144,,24,0.0009958205817316027,SEGMENT_COMPLETE
22,0.026457500282832468,0.0274688747543274,False,COMMAND_EQUIVALENT_PROXY,,0.080779739418588,0.028349622208082854,,27,0.0009896553334963023,SEGMENT_COMPLETE
23,0.0274688747543274,0.02850128244153467,False,COMMAND_EQUIVALENT_PROXY,,0.06420611667726427,0.030191156982070873,,21,0.000999775531868187,SEGMENT_COMPLETE
24,0.02850128244153467,0.029511306273265592,False,COMMAND_EQUIVALENT_PROXY,,0.07377402239870409,0.030812812769166024,,25,0.0009865391119552394,SEGMENT_COMPLETE
25,0.029511306273265592,0.030336686955203623,False,COMMAND_EQUIVALENT_PROXY,,0.1363682906076143,0.0378383175528632,,10,0.0008215051250210506,SEGMENT_COMPLETE
26,0.03033593465351638,0.030948694770711042,True,COMMAND_EQUIVALENT_PROXY,0.11801438861277841,0.10591733295194343,0.021416997554841395,,6,0.0006124748208447426,SEGMENT_COMPLETE
27,0.030948694770711042,0.03196851593787553,False,COMMAND_EQUIVALENT_PROXY,,0.14410885586164324,0.03135338212839498,,21,0.0009757692326540513,SEGMENT_COMPLETE
28,0.03196851593787553,0.032974605983658624,False,COMMAND_EQUIVALENT_PROXY,,0.1306157831811848,0.04257744842885731,,18,0.0009465587790277543,SEGMENT_COMPLETE
29,0.032974605983658624,0.033981365357781054,False,COMMAND_EQUIVALENT_PROXY,,0.14870354498244737,0.014092404234988705,,9,0.0009819408762356257,SEGMENT_COMPLETE
30,0.033981365357781054,0.03498645751042675,False,COMMAND_EQUIVALENT_PROXY,,0.13445051886455806,0.03113947958596984,,21,0.0009764955366566673,SEGMENT_COMPLETE
31,0.03498645751042675,0.03603085003574195,False,COMMAND_EQUIVALENT_PROXY,,0.12956703311603993,0.0372598228983544,,15,0.000996075885002951,SEGMENT_COMPLETE
32,0.03603085003574195,0.03703157853281117,False,COMMAND_EQUIVALENT_PROXY,,0.13576166658958178,0.019814080760805975,,8,0.0009583352932713774,SEGMENT_COMPLETE
33,0.03703157853281117,0.03806301148332781,False,COMMAND_EQUIVALENT_PROXY,,0.10473359764071634,0.02841955515052311,,22,0.0009918839714698412,SEGMENT_COMPLETE
34,0.03806301148332781,0.039082226881187496,False,COMMAND_EQUIVALENT_PROXY,,0.06882805949795652,0.035787720776211215,,11,0.0009838060418721915,SEGMENT_COMPLETE
35,0.039082226881187496,0.040090078590998994,False,COMMAND_EQUIVALENT_PROXY,,0.06267639493951169,0.032057841875501765,,21,0.0009800726577700123,SEGMENT_COMPLETE
36,0.040090078590998994,0.04111100103199659,False,COMMAND_EQUIVALENT_PROXY,,0.1086794054809632,0.03959034105949801,,16,0.0009743950692555682,SEGMENT_COMPLETE
37,0.04119417409590769,0.0422281338464994,True,COMMAND_EQUIVALENT_PROXY,0.05903030776733917,0.03892146596541426,0.03502135683952889,,36,0.00100338017685855,SEGMENT_COMPLETE
38,0.0422281338464994,0.04326478428236181,False,SIMULATOR_NORMAL_PLUS_FRICTION,,0.12919105642319623,0.07660254241722218,0.10220183944496386,16,0.0009988684601266492,SEGMENT_COMPLETE
39,0.04326478428236181,0.04427648142082233,False,COMMAND_EQUIVALENT_PROXY,,0.08230014396122068,0.033358802806651495,,15,0.0009759196643644702,SEGMENT_COMPLETE
40,0.04427648142082233,0.04528443864714161,False,SIMULATOR_NORMAL_PLUS_FRICTION,,0.11551464247129174,0.05821127251541142,0.0786215598868229,19,0.0009767352306955448,SEGMENT_COMPLETE
41,0.04528443864714161,0.046303388078796796,False,COMMAND_EQUIVALENT_PROXY,,0.06078704328313429,0.02535465971790902,,16,0.0009805099873839288,SEGMENT_COMPLETE
42,0.046303388078796796,0.047331851264457596,False,SIMULATOR_NORMAL_PLUS_FRICTION,,0.13548728620624145,0.09093711286085633,0.09473071182726742,13,0.0009933125775099547,SEGMENT_COMPLETE
43,0.047331851264457596,0.04834642736438291,False,COMMAND_EQUIVALENT_PROXY,,0.05867477945126415,0.0304050924319177,,16,0.0009802141271445007,SEGMENT_COMPLETE
44,0.04834642736438291,0.049369022834097186,False,COMMAND_EQUIVALENT_PROXY,,0.10691669173980009,0.03265255881162705,,16,0.0009879445576806874,SEGMENT_COMPLETE
45,0.049369022834097186,0.050385991940560884,False,SIMULATOR_NORMAL_PLUS_FRICTION,,0.14326805796617256,0.07784571277595219,0.09239948867598265,22,0.0009878619939522155,SEGMENT_COMPLETE
46,0.050385991940560884,0.0514064737492988,False,SIMULATOR_NORMAL_PLUS_FRICTION,,0.12286937430493007,0.07771886880490368,0.08312208056279834,17,0.0009948330244525512,SEGMENT_COMPLETE
47,0.05140590321220933,0.05243374375623221,True,COMMAND_EQUIVALENT_PROXY,0.07336387786280114,0.05455206552782988,0.028694933333940374,,21,0.0009995353955539424,SEGMENT_COMPLETE
48,0.05243374375623221,0.05344034883183668,False,COMMAND_EQUIVALENT_PROXY,,0.06798826226633195,0.031036526019871495,,21,0.0009698216493851558,SEGMENT_COMPLETE
49,0.05344034883183668,0.054442043081971696,False,COMMAND_EQUIVALENT_PROXY,,0.05331162205248119,0.03252958775396829,,15,0.0009727845576107586,SEGMENT_COMPLETE
50,0.054442043081971696,0.055472151343624224,False,COMMAND_EQUIVALENT_PROXY,,0.07121818578367393,0.040671649780765304,,22,0.0009960111901969242,SEGMENT_COMPLETE
51,0.055472151343624224,0.05649356978478369,False,COMMAND_EQUIVALENT_PROXY,,0.06774356708030811,0.03585551875130419,,13,0.0009831577549015923,SEGMENT_COMPLETE
52,0.05649356978478369,0.0575110804392213,False,COMMAND_EQUIVALENT_PROXY,,0.06136259692651383,0.031335531256383276,,21,0.000983200763897332,SEGMENT_COMPLETE
53,0.0575110804392213,0.05851522265601026,False,COMMAND_EQUIVALENT_PROXY,,0.06403799741913767,0.025429287817901842,,18,0.0009833833417176238,SEGMENT_COMPLETE
54,0.05851522265601026,0.05954489008622715,False,COMMAND_EQUIVALENT_PROXY,,0.0726240136253899,0.03907614891476139,,22,0.0009945059952532072,SEGMENT_COMPLETE
55,0.05954489008622715,0.060563938426328325,False,COMMAND_EQUIVALENT_PROXY,,0.09906478051702657,0.03726409539149083,,17,0.0009737517377583276,SEGMENT_COMPLETE
56,0.060563938426328325,0.061588252956130456,False,COMMAND_EQUIVALENT_PROXY,,0.11571381617543501,0.03776212280156898,,14,0.000983634757019232,SEGMENT_COMPLETE
57,0.0616576692941182,0.0626841248201317,True,COMMAND_EQUIVALENT_PROXY,0.05926104698552528,0.051057457414803185,0.030679474714787693,,28,0.0009953834239973412,SEGMENT_COMPLETE
58,0.0626841248201317,0.06371444211146264,False,COMMAND_EQUIVALENT_PROXY,,0.07722249351530319,0.03365840089676823,,28,0.0009927060412576454,SEGMENT_COMPLETE
59,0.06371444211146264,0.06473623477295545,False,COMMAND_EQUIVALENT_PROXY,,0.06572735376181688,0.03605454090163444,,23,0.0009943529664213806,SEGMENT_COMPLETE
60,0.06473623477295545,0.06575307337256975,False,COMMAND_EQUIVALENT_PROXY,,0.05283989226808114,0.03515921909099666,,13,0.0009895691494698484,SEGMENT_COMPLETE
61,0.06575307337256975,0.06676810481466708,False,COMMAND_EQUIVALENT_PROXY,,0.06910717206607443,0.01640444612314317,,3,0.0009828796406444657,SEGMENT_COMPLETE
62,0.06676810481466708,0.06776927086714063,False,COMMAND_EQUIVALENT_PROXY,,0.0012889490255765933,0.0007739127391159595,,23,0.000980037671240551,SEGMENT_COMPLETE
63,0.06776927086714063,0.06877501269968922,False,COMMAND_EQUIVALENT_PROXY,,0.0010341849521029432,0.000824750162195063,,44,0.0009887755871213517,SEGMENT_COMPLETE
64,0.06877501269968922,0.0697767563453937,False,COMMAND_EQUIVALENT_PROXY,,0.0012510798831088996,0.0008975208755138214,,45,0.0009847204863785242,SEGMENT_COMPLETE
65,0.0697767563453937,,False,COMMAND_EQUIVALENT_PROXY,,0.0008074883851063302,0.0006759844353074246,,29,0.0007167274215142343,
