episode_id,asset_id,configuration,initial_base,fixed_base_feasible,mobile_recovered,mobile_selected_pose,mobile_travel_m,grasp_feasible,pregrasp_completed,approach_completed,attempted_candidates,bilateral_grasp,useful_motion,probe_motion_m,minimum_joint_margin_rad,observed_contact_plane_slip_m,peak_estimated_model_consistency_error_m,final_relative_slip_m,joint_type,joint_type_correct,accepted_discovery,provisional_position_residual_m,provisional_rotation_residual_rad,observed_rotation_span_deg,provisional_axis_error_deg,provisional_axis_line_error_m,legacy_axis_point_to_gt_line_distance_m,peak_finger_handle_force_n,native_dangerous_contact_stop,refined_accepted,discovery_axis_error_deg,refined_axis_error_deg,discovery_axis_line_error_m,refined_axis_line_error_m,actual_opening_deg,requested_initial_angle_deg,settled_before_motion_angle_deg,passive_startup_drift_deg,door_change_after_warmup_deg,online_success,end_to_end_success,failure_class,native_status,failure_phase,video
test_9128_00,9128,0,"[0.5, -0.55, -0.1, 150.0]",False,False,null,,False,False,False,0,False,False,,,,,,,False,False,,,,,,,,False,False,,,,,,,,,,False,False,DEPLOYMENT_UNREACHABLE,NO_MOBILE_RECOVERY,deployment,
test_9128_01,9128,1,"[0.5, -0.55, -0.1, 150.0]",False,False,null,,False,False,False,0,False,False,,,,,,,False,False,,,,,,,,False,False,,,,,,,,,,False,False,DEPLOYMENT_UNREACHABLE,NO_MOBILE_RECOVERY,deployment,
test_12480_00,12480,0,"[0.5, -0.55, -0.1, 150.0]",False,False,null,,False,False,False,0,False,False,,,,,,,False,False,,,,,,,,False,False,,,,,,,,,,False,False,DEPLOYMENT_UNREACHABLE,NO_MOBILE_RECOVERY,deployment,
test_12480_01,12480,1,"[0.5, -0.55, -0.1, 150.0]",False,False,null,,False,False,False,0,False,False,,,,,,,False,False,,,,,,,,False,False,,,,,,,,,,False,False,DEPLOYMENT_UNREACHABLE,NO_MOBILE_RECOVERY,deployment,
test_7130_00,7130,0,"[0.5, -0.55, -0.1, 150.0]",False,True,"[0.6358009534666219, -0.7500513462745534, -0.1, 87.65853108778789]",0.24179007446275552,True,True,True,3,False,False,,0.38167147723236083,0.0,0.0,,UNOBSERVABLE,False,False,,,,,,,0.048025010260857016,True,False,,,,,3.9650444984436035,0.0,3.965009763670204,3.965009763670204,3.473477339932529e-05,False,False,BILATERAL_GRASP_FAIL,FINGER_BACK_OR_ROOT_HANDLE_LOAD:gripper_link2,SLOW_CLOSE,/data1/home/rangeryx/fr3_real2sim_piper_mobile/results/cross_object_structure_20261004_v1/episodes/test_7130_00/candidate_02/contact_baseline.mp4
test_7130_01,7130,1,"[0.5, -0.55, -0.1, 150.0]",False,True,"[0.646960332896297, -0.7504307902098755, -0.1, 58.63244494995246]",0.24853539206548736,True,True,True,3,False,False,,0.34174882260360717,0.0,0.0,,UNOBSERVABLE,False,False,,,,,,,0.0,False,False,,,,,-4.8558149337768555,1.0,-1.0430000885036832,-2.043000088503683,-2.8128148452731723,False,False,BILATERAL_GRASP_FAIL,BILATERAL_HOLD_NOT_ESTABLISHED,SLOW_CLOSE,/data1/home/rangeryx/fr3_real2sim_piper_mobile/results/cross_object_structure_20261004_v1/episodes/test_7130_01/candidate_02/contact_baseline.mp4
test_10797_00,10797,0,"[0.5, -0.55, -0.1, 150.0]",False,False,null,,False,False,False,0,False,False,,,,,,,False,False,,,,,,,,False,False,,,,,,,,,,False,False,DEPLOYMENT_UNREACHABLE,NO_MOBILE_RECOVERY,deployment,
test_10797_01,10797,1,"[0.5, -0.55, -0.1, 150.0]",False,False,null,,False,False,False,0,False,False,,,,,,,False,False,,,,,,,,False,False,,,,,,,,,,False,False,DEPLOYMENT_UNREACHABLE,NO_MOBILE_RECOVERY,deployment,
test_45600_00,45600,0,"[0.5, -0.55, -0.1, 150.0]",True,False,null,,True,True,True,1,True,True,0.02000838731288079,0.15277557459869384,0.00022297275500218254,0.0,0.00023852190707040192,revolute,True,False,0.00038051626093618175,0.000954478837488907,1.6647085785051152,6.131514607067502,0.011288290413997199,0.007293429846597412,0.6436223891017855,False,False,,,,,1.6826366186141968,0.0,1.6237106369511158e-19,1.6237106369511158e-19,1.6826366186141968,False,False,ARTICULATION_UNOBSERVABLE,UNOBSERVABLE,EXPLORATORY,/data1/home/rangeryx/fr3_real2sim_piper_mobile/results/cross_object_structure_20261004_v1/episodes/test_45600_00/candidate_00/contact_baseline.mp4
test_45600_01,45600,1,"[0.5, -0.55, -0.1, 150.0]",True,False,null,,True,True,True,1,True,True,0.020014556426515413,0.14835708228149413,0.00022382512066072342,0.0,0.000342726392061477,revolute,True,False,0.00041918113783613034,0.0009975397924530571,1.6427148422856248,6.515073981652916,0.015866096019882366,0.011553974927136945,0.6302320505090104,False,False,,,,,1.642136812210083,1.0,0.9999999922536332,-7.746366770255975e-09,1.6421368199564497,False,False,ARTICULATION_UNOBSERVABLE,UNOBSERVABLE,EXPLORATORY,/data1/home/rangeryx/fr3_real2sim_piper_mobile/results/cross_object_structure_20261004_v1/episodes/test_45600_01/candidate_00/contact_baseline.mp4
test_38516_00,38516,0,"[0.5, -0.55, -0.1, 150.0]",True,False,null,,True,True,True,1,True,True,0.020002877895473364,0.0790391453842163,0.00011979919691276083,0.0,0.00010243867361429372,revolute,True,False,0.0007919542535139997,5.074684836835724e-05,0.773920944538833,2.471820377109744,0.16436933700343592,0.16163719518275993,0.7015093095421797,False,False,,,,,0.8351834416389465,0.0,-5.895246959738911e-19,-5.895246959738911e-19,0.8351834416389465,False,False,ARTICULATION_UNOBSERVABLE,UNOBSERVABLE,EXPLORATORY,/data1/home/rangeryx/fr3_real2sim_piper_mobile/results/cross_object_structure_20261004_v1/episodes/test_38516_00/candidate_00/contact_baseline.mp4
test_38516_01,38516,1,"[0.5, -0.55, -0.1, 150.0]",False,True,"[0.6562424472222154, -0.7505238465150197, -0.1, 59.73899702991962]",0.25420762249619094,True,True,True,1,True,True,0.02000370437350063,0.548658061895752,0.00011453195657011598,0.0,0.0003783809149797362,revolute,True,False,0.0008817796701244365,0.00021385741138553658,0.752182550280576,4.826095978767956,0.24553310784523674,0.23426619767681808,0.6134064639669152,False,False,,,,,0.8516221046447754,1.0,0.9999999922536332,-7.746366770255975e-09,0.8516221123911422,False,False,ARTICULATION_UNOBSERVABLE,UNOBSERVABLE,EXPLORATORY,/data1/home/rangeryx/fr3_real2sim_piper_mobile/results/cross_object_structure_20261004_v1/episodes/test_38516_01/candidate_00/contact_baseline.mp4
test_45403_00,45403,0,"[0.5, -0.55, -0.1, 150.0]",True,False,null,,True,True,True,1,True,True,0.02000642136132876,0.0735445508102417,0.00015780432129488699,0.0,0.0006234063606521708,revolute,True,False,0.0004307446786202936,0.000827788217834999,1.0666192669836259,8.569539347586135,0.03975310875319769,0.04345999989211928,0.6317298539010076,False,False,,,,,1.0609418153762817,0.0,9.33860114908595e-07,9.33860114908595e-07,1.0609408815161667,False,False,ARTICULATION_UNOBSERVABLE,UNOBSERVABLE,EXPLORATORY,/data1/home/rangeryx/fr3_real2sim_piper_mobile/results/cross_object_structure_20261004_v1/episodes/test_45403_00/candidate_00/contact_baseline.mp4
test_45403_01,45403,1,"[0.5, -0.55, -0.1, 150.0]",True,False,null,,True,True,True,2,True,True,0.02000840067956888,0.16831069079437255,0.00015519304389168673,0.0,0.0007217866481714382,revolute,True,False,0.0004083160733897099,0.0007487077174309644,1.1133657374106765,8.387868511519041,0.05614547699299712,0.06857040654560068,0.6360220350886995,False,False,,,,,1.074122428894043,1.0,0.9999999922536332,-7.746366770255975e-09,1.0741224366404096,False,False,ARTICULATION_UNOBSERVABLE,UNOBSERVABLE,EXPLORATORY,/data1/home/rangeryx/fr3_real2sim_piper_mobile/results/cross_object_structure_20261004_v1/episodes/test_45403_01/candidate_01/contact_baseline.mp4
test_48721_00,48721,0,"[0.5, -0.55, -0.1, 150.0]",False,False,null,,False,False,False,0,False,False,,,,,,,False,False,,,,,,,,False,False,,,,,,,,,,False,False,DEPLOYMENT_UNREACHABLE,NO_MOBILE_RECOVERY,deployment,
test_48721_01,48721,1,"[0.5, -0.55, -0.1, 150.0]",False,False,null,,False,False,False,0,False,False,,,,,,,False,False,,,,,,,,False,False,,,,,,,,,,False,False,DEPLOYMENT_UNREACHABLE,NO_MOBILE_RECOVERY,deployment,
