run,asset,capture_status,physical_status,original_physical_report_status,controller_goal_reported_success,states,units,actual_final_joint_displacement,minimum_joint_margin_rad,maximum_true_relative_slip_m,final_relative_drift_m,repositions_completed,repositions_attempted,safe_releases_completed,base_routes_completed,bilateral_grasp,video,effort_measured
45746,45746,IMPLEMENTATION_ERROR:'NoneType' object has no attribute 'get',IMPLEMENTATION_ERROR:'NoneType' object has no attribute 'get',IMPLEMENTATION_ERROR:'NoneType' object has no attribute 'get',False,[],meters,1.5384252037620172e-05,0.1715745219329834,,8.50530184851506e-06,0,0,0,0,True,results/articulated_system_20261005/45746/contact_baseline.mp4,False
45746_recovery_v2,45746,RUNNING,ISAAC_NATIVE_PROCESS_CRASH,,False,"[0.0, 0.0102, 0.02034, 0.03034]",meters,,,,,0,0,0,0,,results/articulated_system_20261005/45746_recovery_v2/contact_baseline.mp4,False
45746_recovery_v3_infrastructure_retry,45746,RELEASE_CONTACT_NOT_CLEARED,RELEASE_CONTACT_NOT_CLEARED,RELEASE_CONTACT_NOT_CLEARED,False,"[0.0, 0.0102, 0.02034, 0.03034, 0.04119, 0.05141, 0.06166, 0.06166]",meters,0.06009930372238159,0.09486405936279296,0.001658897109405009,0.002999150404576555,0,1,0,0,True,results/articulated_system_20261005/45746_recovery_v3_infrastructure_retry/contact_baseline.mp4,True
45746_recovery_v4_mode_reset,45746,OBJECT_MOVED_DURING_REPOSITION,OBJECT_MOVED_DURING_REPOSITION,OBJECT_MOVED_DURING_REPOSITION,False,"[0.0, 0.0102, 0.02034, 0.03034, 0.04119, 0.05141, 0.06166, 0.06166]",meters,0.06016267463564873,0.09486405936279296,0.001658897109405009,,0,1,1,1,True,results/articulated_system_20261005/45746_recovery_v4_mode_reset/contact_baseline.mp4,True
45746_sensorfix,45746,CAPTURE_OBJECT_MASK_EMPTY,CAPTURE_OBJECT_MASK_EMPTY,CAPTURE_OBJECT_MASK_EMPTY,False,[0.0],meters,0.010086823254823685,0.1715745219329834,,0.0001800594051084606,0,0,0,0,True,results/articulated_system_20261005/45746_sensorfix/contact_baseline.mp4,False
45746_visibleviews,45746,NO_SAFE_RELEASE_RETREAT_IK,NO_SAFE_RELEASE_RETREAT_IK,NO_SAFE_RELEASE_RETREAT_IK,False,"[0.0, 0.0102, 0.02034, 0.03034, 0.04119, 0.05141, 0.06166, 0.06166]",meters,0.06011628732085228,0.09486405936279296,0.001658897109405009,0.0016674041640588055,0,1,0,0,True,results/articulated_system_20261005/45746_visibleviews/contact_baseline.mp4,True
7320,7320,IMPLEMENTATION_ERROR:'NoneType' object has no attribute 'get',IMPLEMENTATION_ERROR:'NoneType' object has no attribute 'get',IMPLEMENTATION_ERROR:'NoneType' object has no attribute 'get',False,[],degrees,0.0075831825079469475,0.06349032012023925,,3.5583214786667484e-05,0,0,0,0,True,results/articulated_system_20261005/7320/contact_baseline.mp4,False
7320_recovery_v2,7320,IMPLEMENTATION_ERROR:'candidate_grid',IMPLEMENTATION_ERROR:'candidate_grid',IMPLEMENTATION_ERROR:'candidate_grid',False,"[0.0, 2.58575, 5.09994, 7.62325, 10.12454, 12.66411, 15.1843, 17.71887, 18.58075]",degrees,18.672504341669672,0.06349032012023925,0.0001300767223556006,0.00011877830572967189,0,1,0,0,True,results/articulated_system_20261005/7320_recovery_v2/contact_baseline.mp4,True
7320_recovery_v3_legacy_adapter,7320,RUNNING,SUPERVISED_INFRASTRUCTURE_REPLAY,,False,"[0.0, 2.58575, 5.09994]",degrees,,,,,0,0,0,0,,results/articulated_system_20261005/7320_recovery_v3_legacy_adapter/contact_baseline.mp4,False
7320_recovery_v4_mode_reset,7320,OBJECT_MOVED_DURING_REPOSITION,OBJECT_MOVED_DURING_REPOSITION,OBJECT_MOVED_DURING_REPOSITION,False,"[0.0, 2.58575, 5.09994, 7.62325, 10.12454, 12.66411, 15.1843, 17.71887, 18.58075]",degrees,18.67370303986901,0.06349032012023925,0.0001300767223556006,,0,1,1,1,True,results/articulated_system_20261005/7320_recovery_v4_mode_reset/contact_baseline.mp4,True
7320_sensorfix,7320,CAPTURE_OBJECT_MASK_EMPTY,CAPTURE_OBJECT_MASK_EMPTY,CAPTURE_OBJECT_MASK_EMPTY,False,[0.0],degrees,2.6786612408180734,0.06349032012023925,,9.293049437635362e-05,0,0,0,0,True,results/articulated_system_20261005/7320_sensorfix/contact_baseline.mp4,False
7320_visibleviews,7320,IMPLEMENTATION_ERROR:'candidate_index',IMPLEMENTATION_ERROR:'candidate_index',IMPLEMENTATION_ERROR:'candidate_index',False,"[0.0, 2.58575, 5.09994, 7.62325, 10.12454, 12.66411, 15.1843, 17.71887, 18.58075]",degrees,18.672504341669672,0.06349032012023925,0.0001300767223556006,0.00011877830572967189,0,1,0,0,True,results/articulated_system_20261005/7320_visibleviews/contact_baseline.mp4,True
