capture_version,attempt_file,pair,backend_status,joint_types,type_source,GT_mesh_axis_used,actual_iterations,train_states,train_view_count,independent_view_test,heldout_state_RGB_RMSE,heldout_state_silhouette_IoU,prediction_kind,error,source,output
candidate_1,backend_status.json,45746_large,COMPLETE,p,unavailable,False,"{'coarse': 3000, 'predict': 3000, 'joint': 5000}","[0, 6]",2,False,0.04159628413617611,0.9957340657711029,conditional geometry at measured estimated state phase; NOT autonomous physics,,/data1/home/rangeryx/fr3_real2sim_piper_mobile/results/articulated_system_20261005/artgs/data/capture/sensor/45746_large,results/articulated_system_20261005/artgs/outputs/capture/sensor/45746_large/reconstruction
candidate_1,backend_status.json,45746_small,COMPLETE,p,unavailable,False,"{'coarse': 3000, 'predict': 3000, 'joint': 5000}","[0, 2]",2,False,0.03030636813491583,0.9971042573451996,conditional geometry at measured estimated state phase; NOT autonomous physics,,/data1/home/rangeryx/fr3_real2sim_piper_mobile/results/articulated_system_20261005/artgs/data/capture/sensor/45746_small,results/articulated_system_20261005/artgs/outputs/capture/sensor/45746_small/reconstruction
revolute_7320_v3,backend_status.json,7320_large,COMPLETE,p,unavailable,False,"{'coarse': 3000, 'predict': 3000, 'joint': 5000}","[0, 6]",2,False,0.12252744287252426,0.9497661292552948,conditional geometry at measured estimated state phase; NOT autonomous physics,,/data1/home/rangeryx/fr3_real2sim_piper_mobile/results/articulated_system_20261005/artgs/data/capture/sensor/7320_large,results/articulated_system_20261005/artgs/outputs/capture/sensor/7320_large/reconstruction
revolute_7320_v3,backend_status_interaction_prior.json,7320_large_interaction_prior,COMPLETE,r,EE-only interaction identification (type only; axis/geometry learned by ArtGS),False,"{'coarse': 3000, 'predict': 3000, 'joint': 5000}","[0, 6]",2,False,0.12229462713003159,0.9532086849212646,conditional geometry at measured estimated state phase; NOT autonomous physics,,/data1/home/rangeryx/fr3_real2sim_piper_mobile/results/articulated_system_20261005/artgs/data/capture/sensor/7320_large,results/articulated_system_20261005/artgs/outputs/capture/sensor/7320_large/reconstruction_interaction_prior
revolute_7320_v3,backend_status.json,7320_small,COMPLETE,p,unavailable,False,"{'coarse': 3000, 'predict': 3000, 'joint': 5000}","[0, 2]",2,False,0.10398244857788086,0.9758584499359131,conditional geometry at measured estimated state phase; NOT autonomous physics,,/data1/home/rangeryx/fr3_real2sim_piper_mobile/results/articulated_system_20261005/artgs/data/capture/sensor/7320_small,results/articulated_system_20261005/artgs/outputs/capture/sensor/7320_small/reconstruction
45746_visibleviews,backend_status.json,45746_large_multiview,COMPLETE,p,official automatic train_predict,False,"{'coarse': 3000, 'predict': 3000, 'joint': 5000}","[0, 7]",7,True,0.12916883690790695,0.9516468969258395,conditional geometry at measured estimated state phase; NOT autonomous physics,,/data1/home/rangeryx/fr3_real2sim_piper_mobile/results/articulated_system_20261005/extension/45746/artgs/data/capture/sensor/45746_large_multiview,results/articulated_system_20261005/extension/45746/artgs/outputs/capture/sensor/45746_large_multiview/reconstruction
45746_visibleviews,backend_status_oom_attempt.json,45746_large_multiview,FAILED,,unavailable,False,{},"[0, 7]",7,True,,,conditional geometry at measured estimated state phase; NOT autonomous physics,"CUDA out of memory. Tried to allocate 40.00 MiB. GPU 0 has a total capacity of 47.40 GiB of which 69.00 MiB is free. Process 2796836 has 46.19 GiB memory in use. Process 2803326 has 206.00 MiB memory in use. Including non-PyTorch memory, this process has 918.00 MiB memory in use. Of the allocated memory 319.75 MiB is allocated by PyTorch, and 82.25 MiB is reserved by PyTorch but unallocated. If reserved but unallocated memory is large try setting PYTORCH_CUDA_ALLOC_CONF=expandable_segments:True to avoid fragmentation.  See documentation for Memory Management  (https://pytorch.org/docs/stable/notes/cuda.html#environment-variables)",/data1/home/rangeryx/fr3_real2sim_piper_mobile/results/articulated_system_20261005/extension/45746/artgs/data/capture/sensor/45746_large_multiview,results/articulated_system_20261005/extension/45746/artgs/outputs/capture/sensor/45746_large_multiview/reconstruction
45746_visibleviews,backend_status.json,45746_small_multiview,COMPLETE,p,official automatic train_predict,False,"{'coarse': 3000, 'predict': 3000, 'joint': 5000}","[0, 2]",7,True,0.12323223562403159,0.9519456733356823,conditional geometry at measured estimated state phase; NOT autonomous physics,,/data1/home/rangeryx/fr3_real2sim_piper_mobile/results/articulated_system_20261005/extension/45746/artgs/data/capture/sensor/45746_small_multiview,results/articulated_system_20261005/extension/45746/artgs/outputs/capture/sensor/45746_small_multiview/reconstruction
7320_visibleviews,backend_status.json,7320_small_multiview,COMPLETE,p,official automatic train_predict,False,"{'coarse': 3000, 'predict': 3000, 'joint': 5000}","[0, 2]",6,True,0.16866080649197102,0.8510758355259895,conditional geometry at measured estimated state phase; NOT autonomous physics,,/data1/home/rangeryx/fr3_real2sim_piper_mobile/results/articulated_system_20261005/extension/7320/artgs/data/capture/sensor/7320_small_multiview,results/articulated_system_20261005/extension/7320/artgs/outputs/capture/sensor/7320_small_multiview/reconstruction
7320_visibleviews,backend_status_interaction_prior.json,7320_small_multiview_interaction_prior,COMPLETE,r,EE-only interaction identification (type only; axis/geometry learned by ArtGS),False,"{'coarse': 3000, 'predict': 3000, 'joint': 5000}","[0, 2]",6,True,0.15764544252306223,0.8563020899891853,conditional geometry at measured estimated state phase; NOT autonomous physics,,/data1/home/rangeryx/fr3_real2sim_piper_mobile/results/articulated_system_20261005/extension/7320/artgs/data/capture/sensor/7320_small_multiview,results/articulated_system_20261005/extension/7320/artgs/outputs/capture/sensor/7320_small_multiview/reconstruction_interaction_prior
45746_recovery_v3_infrastructure_retry,backend_status.json,45746_large_multiview,COMPLETE,p,official automatic train_predict,False,"{'coarse': 3000, 'predict': 3000, 'joint': 5000}","[0, 7]",6,True,0.1055187419988215,0.8113566190004349,conditional geometry at measured estimated state phase; NOT autonomous physics,,/data1/home/rangeryx/fr3_real2sim_piper_mobile/results/articulated_system_20261005/extension_final/45746/artgs/data/capture/sensor/45746_large_multiview,results/articulated_system_20261005/extension_final/45746/artgs/outputs/capture/sensor/45746_large_multiview/reconstruction
45746_recovery_v3_infrastructure_retry,backend_status.json,45746_small_multiview,COMPLETE,p,official automatic train_predict,False,"{'coarse': 3000, 'predict': 3000, 'joint': 5000}","[0, 2]",6,True,0.10644091991707683,0.8175012096762657,conditional geometry at measured estimated state phase; NOT autonomous physics,,/data1/home/rangeryx/fr3_real2sim_piper_mobile/results/articulated_system_20261005/extension_final/45746/artgs/data/capture/sensor/45746_small_multiview,results/articulated_system_20261005/extension_final/45746/artgs/outputs/capture/sensor/45746_small_multiview/reconstruction
45746_recovery_v2,backend_status.json,45746_small_multiview,COMPLETE,p,official automatic train_predict,False,"{'coarse': 3000, 'predict': 3000, 'joint': 5000}","[0, 2]",7,True,0.12853571358654234,0.8263300591044955,conditional geometry at measured estimated state phase; NOT autonomous physics,,/data1/home/rangeryx/fr3_real2sim_piper_mobile/results/articulated_system_20261005/extension_wide/45746/artgs/data/capture/sensor/45746_small_multiview,results/articulated_system_20261005/extension_wide/45746/artgs/outputs/capture/sensor/45746_small_multiview/reconstruction
7320_recovery_v2,backend_status.json,7320_large_multiview,COMPLETE,p,official automatic train_predict,False,"{'coarse': 3000, 'predict': 3000, 'joint': 5000}","[0, 8]",7,True,0.21052202582359314,0.7484177350997925,conditional geometry at measured estimated state phase; NOT autonomous physics,,/data1/home/rangeryx/fr3_real2sim_piper_mobile/results/articulated_system_20261005/extension_wide/7320/artgs/data/capture/sensor/7320_large_multiview,results/articulated_system_20261005/extension_wide/7320/artgs/outputs/capture/sensor/7320_large_multiview/reconstruction
7320_recovery_v2,backend_status_interaction_prior.json,7320_large_multiview_interaction_prior,COMPLETE,r,EE-only interaction identification (type only; axis/geometry learned by ArtGS),False,"{'coarse': 3000, 'predict': 3000, 'joint': 5000}","[0, 8]",7,True,0.21190220365921655,0.7444882061746385,conditional geometry at measured estimated state phase; NOT autonomous physics,,/data1/home/rangeryx/fr3_real2sim_piper_mobile/results/articulated_system_20261005/extension_wide/7320/artgs/data/capture/sensor/7320_large_multiview,results/articulated_system_20261005/extension_wide/7320/artgs/outputs/capture/sensor/7320_large_multiview/reconstruction_interaction_prior
7320_recovery_v2,backend_status.json,7320_small_multiview,COMPLETE,p,official automatic train_predict,False,"{'coarse': 3000, 'predict': 3000, 'joint': 5000}","[0, 2]",7,True,0.20233807091911635,0.6963170170783997,conditional geometry at measured estimated state phase; NOT autonomous physics,,/data1/home/rangeryx/fr3_real2sim_piper_mobile/results/articulated_system_20261005/extension_wide/7320/artgs/data/capture/sensor/7320_small_multiview,results/articulated_system_20261005/extension_wide/7320/artgs/outputs/capture/sensor/7320_small_multiview/reconstruction
7320_recovery_v2,backend_status_interaction_prior.json,7320_small_multiview_interaction_prior,COMPLETE,r,EE-only interaction identification (type only; axis/geometry learned by ArtGS),False,"{'coarse': 3000, 'predict': 3000, 'joint': 5000}","[0, 2]",7,True,0.20934852957725525,0.7073286639319526,conditional geometry at measured estimated state phase; NOT autonomous physics,,/data1/home/rangeryx/fr3_real2sim_piper_mobile/results/articulated_system_20261005/extension_wide/7320/artgs/data/capture/sensor/7320_small_multiview,results/articulated_system_20261005/extension_wide/7320/artgs/outputs/capture/sensor/7320_small_multiview/reconstruction_interaction_prior
