asset,condition,model,candidate_id,validation_residual,new_heldout_RMSE_mm,start_delay_error_s,velocity_RMSE_mm_s,dwell_error_mm,final_displacement_error_mm,diagnostic_parameters,parameter_support_range,identifiability_status,native_status
7320,original,A_wrong_prior,observable_S0_phi_008,674.1761854325238,0.09978389258627077,0.10416666670000008,0.03171049391200737,0.003997087821791561,0.1564622316614936,"{'tau_c': 0.012, 'b': 1.0, 'tau_s': 0.012}","{'tau_c': [0.0, 0.012], 'b': [0.0, 1.0], 'tau_s': [0.0, 0.012]}",MODEL_MISMATCH,REPLAY_COMPLETE
7320,original,B_structure_only,observable_S3_phi_008,343.94167366548663,0.07677219762957509,0.020833333299999923,0.0311214631844772,0.011643451248061815,0.09143290947571274,"{'tau_c': 0.012, 'b': 1.0, 'tau_s': 0.012}","{'tau_c': [0.0, 0.012], 'b': [0.0, 1.0], 'tau_s': [0.0, 0.012]}",MODEL_MISMATCH,REPLAY_COMPLETE
7320,original,C_two_parameter,historical_S4_phi_000,133.36876208724382,0.014731564498551916,0.020833333299999923,0.02306175051549401,0.014068456385829415,0.0626045171123729,"{'tau_c': 0.0, 'b': 0.0, 'tau_s': 0.0}","{'tau_c': [0.0, 0.012], 'b': [0.0, 1.0], 'tau_s': [0.0, 0.012]}",MODEL_MISMATCH,REPLAY_COMPLETE
7320,original,D_static_extension,observable_S4_phi_002_static_0.004,43.044098815903354,0.0037653260813517828,0.008333333399999976,0.0209268960259713,0.0022967577079954955,0.0033402043330965654,"{'tau_c': 0.0, 'b': 1.0, 'tau_s': 0.004}","{'tau_c': [0.0, 0.004], 'b': [0.0, 1.0], 'tau_s': [0.004, 0.016]}",MODEL_MISMATCH,REPLAY_COMPLETE
7320,additional_nonzero,A_wrong_prior,observable_S0_phi_008,331.52395318266224,0.061702889502655574,0.08333333329999992,0.028022638627196512,0.0032249200324904474,0.11369011300069327,"{'tau_c': 0.012, 'b': 1.0, 'tau_s': 0.012}","{'tau_c': [0.0, 0.012], 'b': [0.0, 1.0], 'tau_s': [0.0, 0.012]}",MODEL_MISMATCH,REPLAY_COMPLETE
7320,additional_nonzero,B_structure_only,historical_S3_phi_008,144.02329481585664,0.03189107732660648,0.016666666700000166,0.02933222890368508,0.013908259095212294,0.027880819945035135,"{'tau_c': 0.012, 'b': 1.0, 'tau_s': 0.012}","{'tau_c': [0.0, 0.012], 'b': [0.0, 1.0], 'tau_s': [0.0, 0.012]}",MODEL_MISMATCH,REPLAY_COMPLETE
7320,additional_nonzero,C_two_parameter,observable_S2_phi_004,114.99413205132986,0.004806647717817669,0.06666666659999998,0.01917234174954076,0.0024874827012466454,0.016384978423820334,"{'tau_c': 0.004, 'b': 0.3, 'tau_s': 0.004}","{'tau_c': [0.0, 0.012], 'b': [0.0, 1.0], 'tau_s': [0.0, 0.012]}",MODEL_MISMATCH,REPLAY_COMPLETE
7320,additional_nonzero,D_static_extension,historical_S4_phi_002_static_0.012,110.74475193652457,0.016507784223099085,0.03333333340000011,0.023432386171038457,0.011704259003221033,0.01779124281754265,"{'tau_c': 0.0, 'b': 1.0, 'tau_s': 0.012}","{'tau_c': [0.0, 0.004], 'b': [0.0, 1.0], 'tau_s': [0.004, 0.016]}",MODEL_MISMATCH,REPLAY_COMPLETE
45621,original,A_wrong_prior,observable_S0_phi_008,312.22910939939356,0.030176702576014933,0.19583333329999997,0.033269850026784765,0.030242540925373415,0.12683621216596838,"{'tau_c': 0.012, 'b': 1.0, 'tau_s': 0.012}","{'tau_c': [0.0, 0.012], 'b': [0.0, 1.0], 'tau_s': [0.0, 0.012]}",MODEL_MISMATCH,REPLAY_COMPLETE
45621,original,B_structure_only,observable_S3_phi_008,210.10717969847877,0.013818842336974486,0.19583333329999997,0.029793767340658653,0.02059436098361571,0.06319229370756956,"{'tau_c': 0.012, 'b': 1.0, 'tau_s': 0.012}","{'tau_c': [0.0, 0.012], 'b': [0.0, 1.0], 'tau_s': [0.0, 0.012]}",MODEL_MISMATCH,REPLAY_COMPLETE
45621,original,C_two_parameter,observable_S3_phi_006,197.20703527610357,0.016447489433538572,0.19583333329999997,0.028469522122160557,0.02139397662134524,0.07821070179675829,"{'tau_c': 0.012, 'b': 0.0, 'tau_s': 0.012}","{'tau_c': [0.0, 0.012], 'b': [0.0, 1.0], 'tau_s': [0.0, 0.012]}",MODEL_MISMATCH,REPLAY_COMPLETE
45621,original,D_static_extension,observable_S3_phi_008_static_0.012,149.24952599930603,0.01119602453496999,0.1541666665999999,0.026107818588638948,0.013789226252138275,0.03580939533851142,"{'tau_c': 0.012, 'b': 1.0, 'tau_s': 0.024}","{'tau_c': [0.012, 0.012], 'b': [0.0, 1.0], 'tau_s': [0.016, 0.024]}",MODEL_MISMATCH,REPLAY_COMPLETE
