asset,condition,model,protocol,validation_normalized_residual,heldout_RMSE_mm,start_delay_error_s,per_pulse_onset,pre_drive_bias_vector_mm,bias_removed_RMSE_mm_diagnostic_only,velocity_error_mm_s,stop_dwell_error_mm,final_displacement_error_mm,parameters,support_intervals,support_count,identifiability,conclusion,native_status
7320,original,A_wrong_prior,new_speed_pulse_v2,0.3586019068498302,0.09114780936684827,0.045833333300000056,"[{'command_start_s': 1.25, 'reference_delay_s': 0.012499999999999956, 'prediction_delay_s': 0.05833333330000001, 'error_s': 0.045833333300000056, 'censored': False}]","[0.001550582564992705, 0.032729943319006104, 0.004384992300653553]",0.07408107124053977,0.030759652680801206,0.016550499003691554,0.1138432126264984,"{'tau_c': 0.012, 'b': 1.0, 'tau_s': 0.012}",,,FIXED_PRIOR,BEHAVIORAL_ONLY,REPLAY_COMPLETE
7320,original,B_structure_only,new_speed_pulse_v2,0.2772122223456249,0.06042675021609937,0.012499999999999956,"[{'command_start_s': 1.25, 'reference_delay_s': 0.012499999999999956, 'prediction_delay_s': 0.0, 'error_s': 0.012499999999999956, 'censored': False}]","[0.0003849424519123771, 0.004837755935715078, -0.004454149958972586]",0.05785625361930928,0.031739332655986635,0.03698314765387775,0.022039841649153808,"{'tau_c': 0.012, 'b': 1.0, 'tau_s': 0.012}",,,FIXED_PRIOR,BEHAVIORAL_ONLY,REPLAY_COMPLETE
7320,original,C_M2,new_speed_pulse_v2,0.10918286849405029,0.031001035054301032,0.008333333299999968,"[{'command_start_s': 1.25, 'reference_delay_s': 0.012499999999999956, 'prediction_delay_s': 0.020833333299999923, 'error_s': 0.008333333299999968, 'censored': False}]","[0.0004516576648313138, 0.019686309262908118, 0.003456527978026406]",0.020478666967066385,0.020543236130415764,0.003408696368736258,0.03299922671890446,"{'tau_c': 0.004, 'b': 0.0, 'tau_s': 0.004}","{'tau_c': [0.0, 0.012], 'b': [0.0, 1.0], 'tau_s': [0.0, 0.012]}",105,UNIDENTIFIABLE,BEHAVIORAL_ONLY,REPLAY_COMPLETE
7320,additional_nonzero,A_wrong_prior,new_speed_pulse_v2,0.23753541883794738,0.05611607628121891,0.18333333340000002,"[{'command_start_s': 1.25, 'reference_delay_s': 0.24166666670000003, 'prediction_delay_s': 0.05833333330000001, 'error_s': 0.18333333340000002, 'censored': False}]","[-7.53310489987058e-05, -0.001966458005273989, 0.005830890147830633]",0.05705625582614492,0.027227148279998503,0.014625200252720051,0.06600442914013245,"{'tau_c': 0.012, 'b': 1.0, 'tau_s': 0.012}",,,FIXED_PRIOR,PASS,REPLAY_COMPLETE
7320,additional_nonzero,B_structure_only,new_speed_pulse_v2,0.11978803981947057,0.0379654250491009,0.24166666670000003,"[{'command_start_s': 1.25, 'reference_delay_s': 0.24166666670000003, 'prediction_delay_s': 0.0, 'error_s': 0.24166666670000003, 'censored': False}]","[-0.0009045193122873367, -0.019191388431796335, -0.00407196509155013]",0.04709093523336047,0.02731585997476172,0.02261874652149566,0.024238473767917636,"{'tau_c': 0.012, 'b': 1.0, 'tau_s': 0.012}",,,FIXED_PRIOR,PASS,REPLAY_COMPLETE
7320,additional_nonzero,C_M2,new_speed_pulse_v2,0.06926885685739878,0.003407218766838144,0.2208333334000001,"[{'command_start_s': 1.25, 'reference_delay_s': 0.24166666670000003, 'prediction_delay_s': 0.020833333299999923, 'error_s': 0.2208333334000001, 'censored': False}]","[9.864301996527954e-05, -0.0006227267971633162, 0.0004584562995531745]",0.003725404372334772,0.018760822548650666,0.003543288506955292,0.012661667358804812,"{'tau_c': 0.004299999999999999, 'b': 0.3, 'tau_s': 0.004299999999999999}","{'tau_c': [0.0, 0.012], 'b': [0.0, 1.0], 'tau_s': [0.0, 0.012]}",105,UNIDENTIFIABLE,PASS,REPLAY_COMPLETE
7320,original,A_wrong_prior,new_restart_v2,0.3586019068498302,0.10082752366484649,0.22916666669999997,"[{'command_start_s': 0.75, 'reference_delay_s': 0.020833333300000034, 'prediction_delay_s': 0.25, 'error_s': 0.22916666669999997, 'censored': False}, {'command_start_s': 5.25, 'reference_delay_s': 0.008333333300000412, 'prediction_delay_s': 0.004166666699999766, 'error_s': 0.004166666600000646, 'censored': False}]","[0.0008542191487955394, 0.03292547308081234, 0.007507077411763227]",0.08330784093162452,0.03290707167928928,0.005166047336887968,0.15181856518287956,"{'tau_c': 0.012, 'b': 1.0, 'tau_s': 0.012}",,,FIXED_PRIOR,BEHAVIORAL_ONLY,REPLAY_COMPLETE
7320,original,B_structure_only,new_restart_v2,0.2772122223456249,0.0704767571551557,0.041666666699999966,"[{'command_start_s': 0.75, 'reference_delay_s': 0.020833333300000034, 'prediction_delay_s': 0.0625, 'error_s': 0.041666666699999966, 'censored': False}, {'command_start_s': 5.25, 'reference_delay_s': 0.008333333300000412, 'prediction_delay_s': 0.004166666699999766, 'error_s': 0.004166666600000646, 'censored': False}]","[9.46438616034051e-05, 0.01548511948662688, -0.000913885920160451]",0.06231344649080774,0.032125880886867186,0.01842815695934605,0.06296335519931619,"{'tau_c': 0.012, 'b': 1.0, 'tau_s': 0.012}",,,FIXED_PRIOR,BEHAVIORAL_ONLY,REPLAY_COMPLETE
7320,original,C_M2,new_restart_v2,0.10918286849405029,0.03488960857703001,0.045833333399999954,"[{'command_start_s': 0.75, 'reference_delay_s': 0.020833333300000034, 'prediction_delay_s': 0.06666666669999999, 'error_s': 0.045833333399999954, 'censored': False}, {'command_start_s': 5.25, 'reference_delay_s': 0.008333333300000412, 'prediction_delay_s': 0.004166666699999766, 'error_s': 0.004166666600000646, 'censored': False}]","[0.00044510507266615207, 0.020243606220754957, 0.003419668604437894]",0.023860450567227066,0.02314284723900135,0.0033490029690740265,0.05053166401007351,"{'tau_c': 0.004, 'b': 0.0, 'tau_s': 0.004}","{'tau_c': [0.0, 0.012], 'b': [0.0, 1.0], 'tau_s': [0.0, 0.012]}",105,UNIDENTIFIABLE,BEHAVIORAL_ONLY,REPLAY_COMPLETE
7320,additional_nonzero,A_wrong_prior,new_restart_v2,0.23753541883794738,0.06327598172908655,0.17500000000000004,"[{'command_start_s': 0.75, 'reference_delay_s': 0.07499999999999996, 'prediction_delay_s': 0.25, 'error_s': 0.17500000000000004, 'censored': False}, {'command_start_s': 5.25, 'reference_delay_s': 0.0, 'prediction_delay_s': 0.004166666699999766, 'error_s': 0.004166666699999766, 'censored': False}]","[0.00015903721267696014, 0.0018449303042266294, 0.007843608131698673]",0.062158394374797164,0.028493584060859084,0.008092803615809533,0.10903330105359135,"{'tau_c': 0.012, 'b': 1.0, 'tau_s': 0.012}",,,FIXED_PRIOR,PASS,REPLAY_COMPLETE
7320,additional_nonzero,B_structure_only,new_restart_v2,0.11978803981947057,0.0424408260921533,0.041666666699999966,"[{'command_start_s': 0.75, 'reference_delay_s': 0.07499999999999996, 'prediction_delay_s': 0.03333333329999999, 'error_s': 0.041666666699999966, 'censored': False}, {'command_start_s': 5.25, 'reference_delay_s': 0.0, 'prediction_delay_s': 0.004166666699999766, 'error_s': 0.004166666699999766, 'censored': False}]","[-0.000378826616766655, -0.009253725355278889, -0.0017705319380658298]",0.04717079975250297,0.02710041033059428,0.011468798867367947,0.05810122188293233,"{'tau_c': 0.012, 'b': 1.0, 'tau_s': 0.012}",,,FIXED_PRIOR,PASS,REPLAY_COMPLETE
7320,additional_nonzero,C_M2,new_restart_v2,0.06926885685739878,0.0026836522694660713,0.13750000000000007,"[{'command_start_s': 0.75, 'reference_delay_s': 0.07499999999999996, 'prediction_delay_s': 0.21250000000000002, 'error_s': 0.13750000000000007, 'censored': False}, {'command_start_s': 5.25, 'reference_delay_s': 0.0, 'prediction_delay_s': 0.0, 'error_s': 0.0, 'censored': False}]","[0.00026874005482994495, 0.0010442556288884721, 0.0023406032862952064]",0.0021728404890577497,0.019672951016707164,0.003178432430519518,0.00411613837204069,"{'tau_c': 0.004299999999999999, 'b': 0.3, 'tau_s': 0.004299999999999999}","{'tau_c': [0.0, 0.012], 'b': [0.0, 1.0], 'tau_s': [0.0, 0.012]}",105,UNIDENTIFIABLE,PASS,REPLAY_COMPLETE
45621,original,A_wrong_prior,new_speed_pulse_v2,0.3976697330200847,0.05026497524707745,0.11666666670000003,"[{'command_start_s': 1.25, 'reference_delay_s': 0.11666666670000003, 'prediction_delay_s': 0.0, 'error_s': 0.11666666670000003, 'censored': False}]","[-0.005239487077982978, -0.047717406068728076, 0.002001653533196627]",0.03564938874260902,0.03100216690390837,0.06875464543047202,0.20048245899213976,"{'tau_c': 0.012, 'b': 1.0, 'tau_s': 0.012}",,,FIXED_PRIOR,MODEL_MISMATCH,REPLAY_COMPLETE
45621,original,B_structure_only,new_speed_pulse_v2,0.32305198905339033,0.025286283162139243,0.10416666670000008,"[{'command_start_s': 1.25, 'reference_delay_s': 0.11666666670000003, 'prediction_delay_s': 0.012499999999999956, 'error_s': 0.10416666670000008, 'censored': False}]","[-0.0040556370199451575, -0.037074798932533924, 0.00891799344211186]",0.02287178501199686,0.02803151369587301,0.044961653883947905,0.11058287624648855,"{'tau_c': 0.012, 'b': 1.0, 'tau_s': 0.012}",,,FIXED_PRIOR,MODEL_MISMATCH,REPLAY_COMPLETE
45621,original,C_M2,new_speed_pulse_v2,0.29711271479432094,0.03591047007241398,0.11666666670000003,"[{'command_start_s': 1.25, 'reference_delay_s': 0.11666666670000003, 'prediction_delay_s': 0.0, 'error_s': 0.11666666670000003, 'censored': False}]","[-0.00546743165354413, -0.04961472909682565, -0.0033476220106696633]",0.023896912440385495,0.02791752696425233,0.046509420883969886,0.14592043876447816,"{'tau_c': 0.0108, 'b': 0.0, 'tau_s': 0.0108}","{'tau_c': [0.0, 0.012], 'b': [0.0, 1.0], 'tau_s': [0.0, 0.012]}",65,UNIDENTIFIABLE,MODEL_MISMATCH,REPLAY_COMPLETE
45621,original,A_wrong_prior,new_restart_v2,0.3976697330200847,0.031361631078008004,0.016666666700000055,"[{'command_start_s': 0.75, 'reference_delay_s': 0.016666666700000055, 'prediction_delay_s': 0.0, 'error_s': 0.016666666700000055, 'censored': False}, {'command_start_s': 5.25, 'reference_delay_s': 0.008333333300000412, 'prediction_delay_s': 0.0, 'error_s': 0.008333333300000412, 'censored': False}]","[-0.003354596003352084, -0.02894559570054504, 0.005267177039367891]",0.022437484912338313,0.033138428087252855,0.035382155450051855,0.11251360593485606,"{'tau_c': 0.012, 'b': 1.0, 'tau_s': 0.012}",,,FIXED_PRIOR,MODEL_MISMATCH,REPLAY_COMPLETE
45621,original,B_structure_only,new_restart_v2,0.32305198905339033,0.015635137824117094,0.016666666700000055,"[{'command_start_s': 0.75, 'reference_delay_s': 0.016666666700000055, 'prediction_delay_s': 0.0, 'error_s': 0.016666666700000055, 'censored': False}, {'command_start_s': 5.25, 'reference_delay_s': 0.008333333300000412, 'prediction_delay_s': 0.0, 'error_s': 0.008333333300000412, 'censored': False}]","[-0.0024740315527423578, -0.020696076532678482, 0.007754964842564735]",0.016877546790674693,0.028470431364068984,0.026074332613599087,0.06257198493492379,"{'tau_c': 0.012, 'b': 1.0, 'tau_s': 0.012}",,,FIXED_PRIOR,MODEL_MISMATCH,REPLAY_COMPLETE
45621,original,C_M2,new_restart_v2,0.29711271479432094,0.026108381521535887,0.016666666700000055,"[{'command_start_s': 0.75, 'reference_delay_s': 0.016666666700000055, 'prediction_delay_s': 0.0, 'error_s': 0.016666666700000055, 'censored': False}, {'command_start_s': 5.25, 'reference_delay_s': 0.008333333300000412, 'prediction_delay_s': 0.0, 'error_s': 0.008333333300000412, 'censored': False}]","[-0.0031914009735437934, -0.027283832338063457, 0.0005219319454102811]",0.01770897707196964,0.031213261236873346,0.027999890371145992,0.08986531120499715,"{'tau_c': 0.0108, 'b': 0.0, 'tau_s': 0.0108}","{'tau_c': [0.0, 0.012], 'b': [0.0, 1.0], 'tau_s': [0.0, 0.012]}",65,UNIDENTIFIABLE,MODEL_MISMATCH,REPLAY_COMPLETE
