episode_id,status,fixed_status_counts,bases_checked,mobile_status_counts,initial_requested_angle_deg,settled_angle_deg_evaluation_only,no_GT_reset
test_12606_00,NO_MOBILE_RECOVERY,"{""HOME_DANGEROUS_GEOMETRY_COLLISION:link5:/World/articulated_pose/asset/Geometry/l_world/l_0/abstract_0_1/l_1/tn__l_1_new1_eC/tn__l_1_new1_eC"": 12}",27,"{""DANGEROUS_GEOMETRY_COLLISION:link5:/World/articulated_pose/asset/Geometry/l_world/l_0/abstract_0_1/l_1/tn__l_1_new1_eC/tn__l_1_new1_eC"": 8, ""DANGEROUS_GEOMETRY_COLLISION:gripper_link1:/World/articulated_pose/asset/Geometry/l_world/l_0/abstract_0_1/l_1/tn__l_1_new1_eC/tn__l_1_new1_eC"": 8, ""DANGEROUS_GEOMETRY_COLLISION:gripper_link1:/World/articulated_pose/asset/Geometry/l_world/l_0/tn__l_0_new2_eC/tn__l_0_new2_eC"": 2, ""DANGEROUS_GEOMETRY_COLLISION:gripper_base:/World/articulated_pose/asset/Geometry/l_world/l_0/abstract_0_1/l_1/tn__l_1_new1_eC/tn__l_1_new1_eC"": 1, ""DANGEROUS_GEOMETRY_COLLISION:gripper_link2:/World/articulated_pose/asset/Geometry/l_world/l_0/abstract_0_1/l_1/tn__l_1_new1_eC/tn__l_1_new1_eC"": 5, ""NO_COLLISION_FREE_EXACT_GRASP_IK"": 2, ""DANGEROUS_GEOMETRY_COLLISION:link4:/World/articulated_pose/asset/Geometry/l_world/l_0/abstract_0_1/l_1/tn__l_1_new1_eC/tn__l_1_new1_eC"": 1}",0.0,41.02538781570902,True
test_12606_01,NO_MOBILE_RECOVERY,"{""HOME_DANGEROUS_GEOMETRY_COLLISION:link5:/World/articulated_pose/asset/Geometry/l_world/l_0/abstract_0_1/l_1/tn__l_1_new1_eC/tn__l_1_new1_eC"": 12}",27,"{""DANGEROUS_GEOMETRY_COLLISION:gripper_link1:/World/articulated_pose/asset/Geometry/l_world/l_0/abstract_0_1/l_1/tn__l_1_new1_eC/tn__l_1_new1_eC"": 7, ""DANGEROUS_GEOMETRY_COLLISION:link5:/World/articulated_pose/asset/Geometry/l_world/l_0/abstract_0_1/l_1/tn__l_1_new1_eC/tn__l_1_new1_eC"": 6, ""DANGEROUS_GEOMETRY_COLLISION:gripper_link1:/World/articulated_pose/asset/Geometry/l_world/l_0/tn__l_0_new2_eC/tn__l_0_new2_eC"": 2, ""DANGEROUS_GEOMETRY_COLLISION:gripper_link2:/World/articulated_pose/asset/Geometry/l_world/l_0/abstract_0_1/l_1/tn__l_1_new1_eC/tn__l_1_new1_eC"": 6, ""DANGEROUS_GEOMETRY_COLLISION:gripper_base:/World/articulated_pose/asset/Geometry/l_world/l_0/abstract_0_1/l_1/tn__l_1_new1_eC/tn__l_1_new1_eC"": 3, ""NO_COLLISION_FREE_EXACT_GRASP_IK"": 2, ""DANGEROUS_GEOMETRY_COLLISION:link4:/World/articulated_pose/asset/Geometry/l_world/l_0/abstract_0_1/l_1/tn__l_1_new1_eC/tn__l_1_new1_eC"": 1}",1.0,41.03624098630017,True
test_48452_00,NO_MOBILE_RECOVERY,"{""NO_IK"": 12}",27,"{""NO_COLLISION_FREE_EXACT_GRASP_IK"": 20, ""DANGEROUS_GEOMETRY_COLLISION:link2:/World/table"": 3, ""DANGEROUS_GEOMETRY_COLLISION:gripper_link2:/World/articulated_pose/asset/Geometry/l_world/l_2/abstract_2_1/l_1/tn__l_1_original20_aL/tn__l_1_original20_aL"": 1, ""DANGEROUS_GEOMETRY_COLLISION:gripper_link1:/World/articulated_pose/asset/Geometry/l_world/l_2/abstract_2_1/l_1/tn__l_1_original20_aL/tn__l_1_original20_aL"": 3}",0.0,-1.2610675058130286e-18,True
test_48452_01,NO_MOBILE_RECOVERY,"{""NO_IK"": 12}",27,"{""DANGEROUS_GEOMETRY_COLLISION:link2:/World/table"": 3, ""DANGEROUS_GEOMETRY_COLLISION:gripper_link2:/World/articulated_pose/asset/Geometry/l_world/l_2/abstract_2_1/l_1/tn__l_1_original20_aL/tn__l_1_original20_aL"": 1, ""DANGEROUS_GEOMETRY_COLLISION:gripper_link1:/World/articulated_pose/asset/Geometry/l_world/l_2/abstract_2_1/l_1/tn__l_1_original20_aL/tn__l_1_original20_aL"": 3, ""NO_COLLISION_FREE_EXACT_GRASP_IK"": 20}",1.0,0.9999999922536332,True
test_47419_00,BILATERAL_HOLD_NOT_ESTABLISHED,"{""NO_IK"": 6, ""PENDING_REAL_CLOSURE"": 2, ""NO_HOME_PLAN"": 4}",,{},0.0,9.433675516125656e-11,True
test_47419_01,UNOBSERVABLE,"{""NO_IK"": 6, ""NO_HOME_PLAN"": 2, ""PENDING_REAL_CLOSURE"": 4}",,{},1.0,-2.2487701881910888e-10,True
test_12614_00,NO_MOBILE_RECOVERY,"{""HOME_DANGEROUS_GEOMETRY_COLLISION:link5:/World/articulated_pose/asset/Geometry/l_world/l_0/abstract_0_1/l_1/tn__l_1_original5_rJ/tn__l_1_original5_rJ"": 12}",27,"{""DANGEROUS_GEOMETRY_COLLISION:link5:/World/articulated_pose/asset/Geometry/l_world/l_0/abstract_0_1/l_1/tn__l_1_original5_rJ/tn__l_1_original5_rJ"": 6, ""DANGEROUS_GEOMETRY_COLLISION:gripper_link1:/World/articulated_pose/asset/Geometry/l_world/l_0/abstract_0_1/l_1/tn__l_1_original5_rJ/tn__l_1_original5_rJ"": 8, ""DANGEROUS_GEOMETRY_COLLISION:gripper_link1:/World/articulated_pose/asset/Geometry/l_world/l_0/tn__l_0_new1_eC/tn__l_0_new1_eC"": 2, ""DANGEROUS_GEOMETRY_COLLISION:gripper_base:/World/articulated_pose/asset/Geometry/l_world/l_0/abstract_0_1/l_1/tn__l_1_original5_rJ/tn__l_1_original5_rJ"": 3, ""DANGEROUS_GEOMETRY_COLLISION:gripper_link2:/World/articulated_pose/asset/Geometry/l_world/l_0/abstract_0_1/l_1/tn__l_1_original5_rJ/tn__l_1_original5_rJ"": 5, ""NO_COLLISION_FREE_EXACT_GRASP_IK"": 2, ""DANGEROUS_GEOMETRY_COLLISION:link4:/World/articulated_pose/asset/Geometry/l_world/l_0/abstract_0_1/l_1/tn__l_1_original5_rJ/tn__l_1_original5_rJ"": 1}",0.0,38.71911638584627,True
test_12614_01,NO_MOBILE_RECOVERY,"{""HOME_DANGEROUS_GEOMETRY_COLLISION:link5:/World/articulated_pose/asset/Geometry/l_world/l_0/abstract_0_1/l_1/tn__l_1_original5_rJ/tn__l_1_original5_rJ"": 12}",27,"{""DANGEROUS_GEOMETRY_COLLISION:gripper_link1:/World/articulated_pose/asset/Geometry/l_world/l_0/abstract_0_1/l_1/tn__l_1_original5_rJ/tn__l_1_original5_rJ"": 9, ""DANGEROUS_GEOMETRY_COLLISION:link5:/World/articulated_pose/asset/Geometry/l_world/l_0/abstract_0_1/l_1/tn__l_1_original5_rJ/tn__l_1_original5_rJ"": 4, ""DANGEROUS_GEOMETRY_COLLISION:gripper_link1:/World/articulated_pose/asset/Geometry/l_world/l_0/tn__l_0_new1_eC/tn__l_0_new1_eC"": 2, ""DANGEROUS_GEOMETRY_COLLISION:flange_link:/World/articulated_pose/asset/Geometry/l_world/l_0/abstract_0_1/l_1/tn__l_1_original5_rJ/tn__l_1_original5_rJ"": 2, ""DANGEROUS_GEOMETRY_COLLISION:gripper_link2:/World/articulated_pose/asset/Geometry/l_world/l_0/abstract_0_1/l_1/tn__l_1_original5_rJ/tn__l_1_original5_rJ"": 4, ""DANGEROUS_GEOMETRY_COLLISION:gripper_base:/World/articulated_pose/asset/Geometry/l_world/l_0/abstract_0_1/l_1/tn__l_1_original5_rJ/tn__l_1_original5_rJ"": 3, ""NO_COLLISION_FREE_EXACT_GRASP_IK"": 2, ""DANGEROUS_GEOMETRY_COLLISION:link4:/World/articulated_pose/asset/Geometry/l_world/l_0/abstract_0_1/l_1/tn__l_1_original5_rJ/tn__l_1_original5_rJ"": 1}",1.0,39.790209576014746,True
test_45134_00,SUSTAINED_RELATIVE_SLIP,"{""PENDING_REAL_CLOSURE"": 5, ""NO_HOME_PLAN"": 1, ""NO_IK"": 6}",,{},0.0,-1.3196706902709688e-18,True
test_45134_01,SUSTAINED_RELATIVE_SLIP,"{""NO_HOME_PLAN"": 3, ""PENDING_REAL_CLOSURE"": 3, ""NO_IK"": 6}",,{},1.0,0.9999999922536332,True
test_45448_00,NO_MOBILE_RECOVERY,"{""NO_IK"": 12}",27,"{""NO_COLLISION_FREE_EXACT_GRASP_IK"": 18, ""DANGEROUS_GEOMETRY_COLLISION:gripper_link1:/World/articulated_pose/asset/Geometry/l_world/l_3/abstract_3_2/l_2/tn__l_2_original28_aL/tn__l_2_original28_aL"": 4, ""DANGEROUS_GEOMETRY_COLLISION:link2:/World/table"": 2, ""DANGEROUS_GEOMETRY_COLLISION:gripper_link2:/World/articulated_pose/asset/Geometry/l_world/l_3/abstract_3_2/l_2/tn__l_2_original28_aL/tn__l_2_original28_aL"": 2, ""DANGEROUS_GEOMETRY_COLLISION:gripper_link1:/World/articulated_pose/asset/Geometry/l_world/l_3/l_0/tn__l_0_original3_rJ/tn__l_0_original3_rJ"": 1}",0.0,-3.043719219169693e-18,True
test_45448_01,NO_MOBILE_RECOVERY,"{""NO_IK"": 12}",27,"{""DANGEROUS_GEOMETRY_COLLISION:link2:/World/table"": 2, ""DANGEROUS_GEOMETRY_COLLISION:gripper_link2:/World/articulated_pose/asset/Geometry/l_world/l_3/abstract_3_2/l_2/tn__l_2_original28_aL/tn__l_2_original28_aL"": 2, ""DANGEROUS_GEOMETRY_COLLISION:gripper_link1:/World/articulated_pose/asset/Geometry/l_world/l_3/abstract_3_2/l_2/tn__l_2_original28_aL/tn__l_2_original28_aL"": 4, ""NO_COLLISION_FREE_EXACT_GRASP_IK"": 18, ""DANGEROUS_GEOMETRY_COLLISION:gripper_link1:/World/articulated_pose/asset/Geometry/l_world/l_3/l_0/tn__l_0_original3_rJ/tn__l_0_original3_rJ"": 1}",1.0,0.9999999922536332,True
