episode_id,asset_id,discovery_status,entered_refinement,discovery_rotation_span_deg,refinement_rotation_span_deg,refinement_measured_rotation_deg,refinement_measured_path_m,refinement_segments,refinement_path_m,final_structure_accepted,discovery_axis_error_deg,refined_axis_error_deg,discovery_axis_line_error_m,refined_axis_line_error_m,T1_heldout_geometric_position_RMSE_m,T2_heldout_geometric_position_RMSE_m,failure_class
test_12606_00,12606,NOT_REACHED,False,0.0,,,,0,,False,,,,,,,DEPLOYMENT_UNREACHABLE
test_12606_01,12606,NOT_REACHED,False,0.0,,,,0,,False,,,,,,,DEPLOYMENT_UNREACHABLE
test_48452_00,48452,NOT_REACHED,False,0.0,,,,0,,False,,,,,,,DEPLOYMENT_UNREACHABLE
test_48452_01,48452,NOT_REACHED,False,0.0,,,,0,,False,,,,,,,DEPLOYMENT_UNREACHABLE
test_47419_00,47419,NOT_REACHED,False,0.0,,,,0,,False,,,,,,,BILATERAL_GRASP_FAIL
test_47419_01,47419,NOT_REACHED,False,0.0,,,,0,,False,,,,,,,ARTICULATION_UNOBSERVABLE
test_12614_00,12614,NOT_REACHED,False,0.0,,,,0,,False,,,,,,,DEPLOYMENT_UNREACHABLE
test_12614_01,12614,NOT_REACHED,False,0.0,,,,0,,False,,,,,,,DEPLOYMENT_UNREACHABLE
test_45134_00,45134,PROVISIONAL_REVOLUTE,True,0.8159581725464432,,1.7970004336861092,0.028998193705082814,28,0.028107115925593593,False,0.13643202659650824,,0.0537686946784987,,,,REFINEMENT_SAFETY_STOP
test_45134_01,45134,PROVISIONAL_REVOLUTE,True,1.1389195653828783,,0.5570072772664073,0.008974473912498903,8,0.008022928603915156,False,9.159296959097649,,0.08259975537958986,,,,REFINEMENT_SAFETY_STOP
test_45448_00,45448,NOT_REACHED,False,0.0,,,,0,,False,,,,,,,DEPLOYMENT_UNREACHABLE
test_45448_01,45448,NOT_REACHED,False,0.0,,,,0,,False,,,,,,,DEPLOYMENT_UNREACHABLE
