episode_id,asset_id,configuration,initial_base,fixed_base_feasible,mobile_recovered,mobile_selected_pose,mobile_travel_m,grasp_feasible,pregrasp_completed,approach_completed,attempted_candidates,bilateral_grasp,useful_motion,probe_motion_m,minimum_joint_margin_rad,observed_contact_plane_slip_m,peak_estimated_model_consistency_error_m,final_relative_slip_m,joint_type,joint_type_correct,accepted_discovery,provisional_position_residual_m,provisional_rotation_residual_rad,observed_rotation_span_deg,provisional_axis_error_deg,provisional_axis_line_error_m,legacy_axis_point_to_gt_line_distance_m,peak_finger_handle_force_n,native_dangerous_contact_stop,refined_accepted,discovery_axis_error_deg,refined_axis_error_deg,discovery_axis_line_error_m,refined_axis_line_error_m,actual_opening_deg,requested_initial_angle_deg,settled_before_motion_angle_deg,passive_startup_drift_deg,door_change_after_warmup_deg,online_success,end_to_end_success,failure_class,native_status,failure_phase,video,discovery_status,discovery_admitted,entered_refinement,refinement_segments,refinement_path_m,refinement_sim_s,refinement_measured_rotation_deg,refinement_measured_path_m,discovery_rotation_span_deg,refinement_rotation_span_deg,final_structure_accepted,stop_model_consistency_error_m,stop_contact_plane_drift_m,slip_guard_trigger
test_12606_00,12606,0,"[0.5, -0.55, -0.1, 150.0]",False,False,null,,False,False,False,0,False,False,,,,,,,False,False,,,,,,,,False,False,,,,,,,,,,False,False,DEPLOYMENT_UNREACHABLE,NO_MOBILE_RECOVERY,deployment,,NOT_REACHED,False,False,0,,,,,0.0,,False,,,
test_12606_01,12606,1,"[0.5, -0.55, -0.1, 150.0]",False,False,null,,False,False,False,0,False,False,,,,,,,False,False,,,,,,,,False,False,,,,,,,,,,False,False,DEPLOYMENT_UNREACHABLE,NO_MOBILE_RECOVERY,deployment,,NOT_REACHED,False,False,0,,,,,0.0,,False,,,
test_48452_00,48452,0,"[0.5, -0.55, -0.1, 150.0]",False,False,null,,False,False,False,0,False,False,,,,,,,False,False,,,,,,,,False,False,,,,,,,,,,False,False,DEPLOYMENT_UNREACHABLE,NO_MOBILE_RECOVERY,deployment,,NOT_REACHED,False,False,0,,,,,0.0,,False,,,
test_48452_01,48452,1,"[0.5, -0.55, -0.1, 150.0]",False,False,null,,False,False,False,0,False,False,,,,,,,False,False,,,,,,,,False,False,,,,,,,,,,False,False,DEPLOYMENT_UNREACHABLE,NO_MOBILE_RECOVERY,deployment,,NOT_REACHED,False,False,0,,,,,0.0,,False,,,
test_47419_00,47419,0,"[0.5, -0.55, -0.1, 150.0]",True,False,null,,True,True,True,2,False,False,,0.09213488188781738,0.0,0.0,,UNOBSERVABLE,False,False,,,,,,,0.12235423542329223,False,False,,,,,-6.30436980397775e-10,0.0,9.433675516125656e-11,9.433675516125656e-11,-7.247737355590316e-10,False,False,BILATERAL_GRASP_FAIL,BILATERAL_HOLD_NOT_ESTABLISHED,SLOW_CLOSE,/data1/home/rangeryx/fr3_real2sim_piper_mobile/results/active_structure_20261005_v1/episodes/test_47419_00/candidate_01/contact_baseline.mp4,NOT_REACHED,False,False,0,,,,,0.0,,False,,,
test_47419_01,47419,1,"[0.5, -0.55, -0.1, 150.0]",True,False,null,,True,True,True,3,True,False,0.00025748044971079126,0.13421170798339843,3.5875030846341945e-05,0.0,0.0002655468349042341,UNOBSERVABLE,False,False,,,0.6673659105927701,,,,0.6396612817135853,False,False,,,,,-0.9999999931816488,1.0,-2.2487701881910888e-10,-1.000000000224877,7.043228235783056e-09,False,False,ARTICULATION_UNOBSERVABLE,UNOBSERVABLE,PROBE_HOLD,/data1/home/rangeryx/fr3_real2sim_piper_mobile/results/active_structure_20261005_v1/episodes/test_47419_01/candidate_02/contact_baseline.mp4,NOT_REACHED,False,False,0,,,,,0.0,,False,,3.5860319602436895e-05,
test_12614_00,12614,0,"[0.5, -0.55, -0.1, 150.0]",False,False,null,,False,False,False,0,False,False,,,,,,,False,False,,,,,,,,False,False,,,,,,,,,,False,False,DEPLOYMENT_UNREACHABLE,NO_MOBILE_RECOVERY,deployment,,NOT_REACHED,False,False,0,,,,,0.0,,False,,,
test_12614_01,12614,1,"[0.5, -0.55, -0.1, 150.0]",False,False,null,,False,False,False,0,False,False,,,,,,,False,False,,,,,,,,False,False,,,,,,,,,,False,False,DEPLOYMENT_UNREACHABLE,NO_MOBILE_RECOVERY,deployment,,NOT_REACHED,False,False,0,,,,,0.0,,False,,,
test_45134_00,45134,0,"[0.5, -0.55, -0.1, 150.0]",True,False,null,,True,True,True,2,True,True,0.01272990415061429,0.16040496912994384,0.00014621632324025716,0.0010067044341045327,0.0008144357350582998,revolute,True,False,0.0001634744595166626,0.0004753798713097782,,0.2001025759869361,0.05971076699900023,0.05972059833787289,0.6413658766213202,False,False,0.13643202659650824,,0.0537686946784987,,2.5290989875793457,0.0,-1.3196706902709688e-18,-1.3196706902709688e-18,2.5290989875793457,False,False,REFINEMENT_SAFETY_STOP,SUSTAINED_RELATIVE_SLIP,ESTIMATED_FOLLOW,/data1/home/rangeryx/fr3_real2sim_piper_mobile/results/active_structure_20261005_v1/episodes/test_45134_00/candidate_01/contact_baseline.mp4,PROVISIONAL_REVOLUTE,True,True,28,0.028107115925593593,56.18333333333334,1.7970004336861092,0.028998193705082814,0.8159581725464432,,False,0.0010046889143597217,0.00010603267535986754,MODEL_CONSISTENCY
test_45134_01,45134,1,"[0.5, -0.55, -0.1, 150.0]",True,False,null,,True,True,True,1,True,True,0.017462186546651434,0.09787361708679199,0.00014721940249931456,0.0010054633723947752,0.0010039425493983765,revolute,True,False,0.000353195558371321,0.0012250614685448166,,9.159296959097649,0.08259975537958986,0.10052642886312155,0.6362900932510448,False,False,9.159296959097649,,0.08259975537958986,,1.5807902812957764,1.0,0.9999999922536332,-7.746366770255975e-09,1.580790289042143,False,False,REFINEMENT_SAFETY_STOP,SUSTAINED_RELATIVE_SLIP,ESTIMATED_FOLLOW,/data1/home/rangeryx/fr3_real2sim_piper_mobile/results/active_structure_20261005_v1/episodes/test_45134_01/candidate_00/contact_baseline.mp4,PROVISIONAL_REVOLUTE,True,True,8,0.008022928603915156,16.066666666666663,0.5570072772664073,0.008974473912498903,1.1389195653828783,,False,0.001003124882595131,1.8194060648840546e-05,MODEL_CONSISTENCY
test_45448_00,45448,0,"[0.5, -0.55, -0.1, 150.0]",False,False,null,,False,False,False,0,False,False,,,,,,,False,False,,,,,,,,False,False,,,,,,,,,,False,False,DEPLOYMENT_UNREACHABLE,NO_MOBILE_RECOVERY,deployment,,NOT_REACHED,False,False,0,,,,,0.0,,False,,,
test_45448_01,45448,1,"[0.5, -0.55, -0.1, 150.0]",False,False,null,,False,False,False,0,False,False,,,,,,,False,False,,,,,,,,False,False,,,,,,,,,,False,False,DEPLOYMENT_UNREACHABLE,NO_MOBILE_RECOVERY,deployment,,NOT_REACHED,False,False,0,,,,,0.0,,False,,,
