episode,condition,method,status,axis_error_deg,axis_line_error_mm,heldout_RMSE_mm,velocity_RMSE_mm_s,start_delay_error_s,final_displacement_error_mm,post_drive_drift_mm,tau_c,b,parameter_intervals,identifiability,actual_final_angle_deg,minimum_joint_margin_rad,failure_reason
dev_7320_00,original,oracle,REPLAY_COMPLETE,0.0,0.0,0.0,0.0,0.0,0.0,0.014906397207487376,0.0005,0.05,null,ORACLE_PHYSICS_NOT_FIT,7.5912885665893555,0.06349032012023925,
dev_7320_00,original,old_structure,REPLAY_COMPLETE,0.7585563407894729,11.103062540573495,0.12302482082865822,0.05728648697140267,1.1166666667,0.38174080560392254,0.3931482697274095,0.0005,0.05,null,ORACLE_PHYSICS_NOT_FIT,7.5912885665893555,0.06349032012023925,
dev_7320_00,original,refined_structure,DANGEROUS_LOADED_CONTACT:gripper_link2:/World/articulated_pose/asset/Geometry/l_world/l_0/abstract_0_1/l_1/tn__l_1_original1_rJ/tn__l_1_original1_rJ,0.0733603368869596,1.2095171018352266,nan,nan,,nan,nan,0.0005,0.05,null,ORACLE_PHYSICS_NOT_FIT,7.5912885665893555,0.06349032012023925,DANGEROUS_LOADED_CONTACT:gripper_link2:/World/articulated_pose/asset/Geometry/l_world/l_0/abstract_0_1/l_1/tn__l_1_original1_rJ/tn__l_1_original1_rJ
dev_7320_00,original,refined_wrong_prior,REPLAY_COMPLETE,0.0733603368869596,1.2095171018352266,0.1267336977412897,0.059047949364502264,1.4666666667000001,0.4947330053102167,0.027235429490695486,0.012,1.0,null,FROZEN_WRONG_PRIOR,7.5912885665893555,0.06349032012023925,
dev_7320_00,original,refined_fitted_physics,NOT_RUN_STRUCTURAL_BLOCKER,0.0733603368869596,1.2095171018352266,nan,nan,,nan,nan,,,"{""tau_c"": [0.0, 0.012], ""b"": [0.0, 1.0]}",UNIDENTIFIABLE_STRUCTURAL_EXECUTION_FAILURE,7.5912885665893555,0.06349032012023925,NOT_RUN_STRUCTURAL_BLOCKER
dev_7320_00,additional_nonzero,oracle,REPLAY_COMPLETE,0.0,0.0,0.0,0.0,0.0,0.0,0.01375136395034849,0.004,0.3,null,ORACLE_PHYSICS_NOT_FIT,7.5912885665893555,0.06349032012023925,
dev_7320_00,additional_nonzero,old_structure,REPLAY_COMPLETE,0.7585563407894729,11.103062540573495,0.09379926825617844,0.03759189449390002,0.17083333340000006,0.2284198940010701,0.23640984246135271,0.004,0.3,null,ORACLE_PHYSICS_NOT_FIT,7.5912885665893555,0.06349032012023925,
dev_7320_00,additional_nonzero,refined_structure,REPLAY_COMPLETE,0.0733603368869596,1.2095171018352266,0.03214748172021637,0.023139651589150646,0.004166666599999758,0.08234638807406612,0.06914049221840284,0.004,0.3,null,ORACLE_PHYSICS_NOT_FIT,7.5912885665893555,0.06349032012023925,
dev_7320_00,additional_nonzero,refined_wrong_prior,REPLAY_COMPLETE,0.0733603368869596,1.2095171018352266,0.09166949074465726,0.043932135930995944,1.0,0.35519586836869194,0.027235429490695486,0.012,1.0,null,FROZEN_WRONG_PRIOR,7.5912885665893555,0.06349032012023925,
dev_7320_00,additional_nonzero,refined_fitted_physics,NOT_RUN_STRUCTURAL_BLOCKER,0.0733603368869596,1.2095171018352266,nan,nan,,nan,nan,,,"{""tau_c"": [0.0, 0.012], ""b"": [0.0, 1.0]}",UNIDENTIFIABLE_STRUCTURAL_EXECUTION_FAILURE,7.5912885665893555,0.06349032012023925,NOT_RUN_STRUCTURAL_BLOCKER
test_45621_00,original,not_evaluated,NOT_RUN_DEV_GATE,,nan,nan,nan,,nan,nan,,,null,,,,NOT_RUN_DEV_GATE
test_45621_01,original,not_evaluated,NOT_RUN_DEV_GATE,,nan,nan,nan,,nan,nan,,,null,,,,NOT_RUN_DEV_GATE
test_45621_02,original,not_evaluated,NOT_RUN_DEV_GATE,,nan,nan,nan,,nan,nan,,,null,,,,NOT_RUN_DEV_GATE
