asset,config,initial_base,fixed_grasp_feasible,fixed_grasp_success,fixed_ID_success,fixed_5deg_success,mobile_selected_pose,mobile_travel_m,mobile_grasp_feasible,mobile_grasp_success,mobile_ID_success,mobile_5deg_success,axis_error,minimum_joint_margin_rad,recovered_grasp_feasible,recovered_manipulation,failure_reason
7138,test_7138_00,"[0.5, -0.55, -0.1, 150.0]",False,False,False,False,"[0.6358009534666219, -0.7500513462745533, -0.1, 57.65853108778789]",0.24179007446275544,True,False,False,False,,0.3603705653289795,True,False,BILATERAL_HOLD_NOT_ESTABLISHED
7138,test_7138_01,"[0.5, -0.55, -0.1, 150.0]",False,False,False,False,"[0.6437539827974884, -0.7503752611353846, -0.1, 57.84424663709157]",0.24660789290940005,True,True,False,False,,0.31769322243728637,True,False,PROBE_CARTESIAN_SPEED_LIMIT
7138,test_7138_02,"[0.5, -0.55, -0.1, 150.0]",False,False,False,False,"[0.6101233916299246, -0.7482874783512561, -0.1, 114.74374107029057]",0.22681509088898288,True,False,False,False,,0.31000386563339233,True,False,EPISODE_WALL_CLOCK_BUDGET
45166,test_45166_00,"[0.5, -0.55, -0.1, 150.0]",False,False,False,False,,0.0,False,False,False,False,,,False,False,NO_MOBILE_RECOVERY
45166,test_45166_01,"[0.5, -0.55, -0.1, 150.0]",False,False,False,False,,0.0,False,False,False,False,,,False,False,NO_MOBILE_RECOVERY
45166,test_45166_02,"[0.5, -0.55, -0.1, 150.0]",False,False,False,False,,0.0,False,False,False,False,,,False,False,NO_MOBILE_RECOVERY
45130,test_45130_00,"[0.5, -0.55, -0.1, 150.0]",False,False,False,False,,0.0,False,False,False,False,,,False,False,NO_MOBILE_RECOVERY
45130,test_45130_01,"[0.5, -0.55, -0.1, 150.0]",False,False,False,False,,0.0,False,False,False,False,,,False,False,NO_MOBILE_RECOVERY
45130,test_45130_02,"[0.5, -0.55, -0.1, 150.0]",False,False,False,False,,0.0,False,False,False,False,,,False,False,NO_MOBILE_RECOVERY
45621,test_45621_00,"[0.5, -0.55, -0.1, 150.0]",True,True,True,True,,0.0,True,True,True,True,1.466517459710404,0.052934933576965326,False,False,SUCCESS
45621,test_45621_01,"[0.5, -0.55, -0.1, 150.0]",False,False,False,False,"[0.664663453257262, -0.7507876680057256, -0.1, 89.96464044896751]",0.2596723713870691,True,True,True,True,1.8960569378792582,0.5769464263061523,True,True,SUCCESS
45621,test_45621_02,"[0.5, -0.55, -0.1, 150.0]",False,False,False,False,"[0.6521000381992204, -0.7504223423425477, -0.1, 89.54337313822268]",0.2516019414278786,True,True,True,True,1.3867815415088978,0.4964808115104675,True,True,SUCCESS
