episode_id,candidate,status,failure_phase,bilateral_hold_established,minimum_joint_margin_rad,contact_plane_drift_m,model_error_m,actual_opening_deg,video
test_45385_00,candidate_00,DANGEROUS_LOADED_CONTACT:gripper_link2:/World/articulated_pose/asset/Geometry/l_world/l_0/abstract_0_1/l_1/tn__l_1_original36_aL/tn__l_1_original36_aL,PREGRASP,False,1.0215511956552505,0.0,,-7.510330846116631e-08,/data1/home/rangeryx/fr3_real2sim_piper_mobile/results/operational_structure_20261005_v3/episodes/test_45385_00/candidate_00/contact_baseline.mp4
test_45385_01,candidate_00,OPERATIONAL_PREDICTION_REJECTED,STRUCTURE_MODEL_SELECTION,True,0.14847474185028076,0.0001238699353919875,0.00032261530645597404,2.969440221786499,/data1/home/rangeryx/fr3_real2sim_piper_mobile/results/operational_structure_20261005_v3/episodes/test_45385_01/candidate_00/contact_baseline.mp4
test_45671_00,candidate_00,OPERATIONAL_PREDICTION_REJECTED,STRUCTURE_MODEL_SELECTION,True,0.07463233557739257,2.0441025124961796e-05,0.0013949421298652608,3.915874481201172,/data1/home/rangeryx/fr3_real2sim_piper_mobile/results/operational_structure_20261005_v3/episodes/test_45671_00/candidate_00/contact_baseline.mp4
test_45671_01,candidate_00,OPERATIONAL_PREDICTION_REJECTED,STRUCTURE_MODEL_SELECTION,True,0.10639445868530273,1.7013503724014087e-05,0.00030059824390565214,4.856281280517578,/data1/home/rangeryx/fr3_real2sim_piper_mobile/results/operational_structure_20261005_v3/episodes/test_45671_01/candidate_00/contact_baseline.mp4
test_45922_00,candidate_00,DANGEROUS_LOADED_CONTACT:gripper_link1:/World/articulated_pose/asset/Geometry/l_world/l_0/tn__l_0_original19_aL/tn__l_0_original19_aL,PREGRASP,False,1.0215511956552505,0.0,,8.203671769679843e-11,/data1/home/rangeryx/fr3_real2sim_piper_mobile/results/operational_structure_20261005_v3/episodes/test_45922_00/candidate_00/contact_baseline.mp4
test_45922_00,candidate_01,DANGEROUS_LOADED_CONTACT:gripper_link2:/World/articulated_pose/asset/Geometry/l_world/l_0/abstract_0_1/l_1/tn__l_1_original26_aL/tn__l_1_original26_aL,PREGRASP,False,0.8942261823753357,0.0,,6.521973627826583e-09,/data1/home/rangeryx/fr3_real2sim_piper_mobile/results/operational_structure_20261005_v3/episodes/test_45922_00/candidate_01/contact_baseline.mp4
test_45922_00,candidate_02,BILATERAL_HOLD_NOT_ESTABLISHED,SLOW_CLOSE,False,0.09282140818634033,0.0,,-2.6525113216990803e-09,/data1/home/rangeryx/fr3_real2sim_piper_mobile/results/operational_structure_20261005_v3/episodes/test_45922_00/candidate_02/contact_baseline.mp4
test_45922_00,candidate_03,BILATERAL_HOLD_NOT_ESTABLISHED,CENTER,False,0.10587029543914794,0.0,,-1.036152053046635e-09,/data1/home/rangeryx/fr3_real2sim_piper_mobile/results/operational_structure_20261005_v3/episodes/test_45922_00/candidate_03/contact_baseline.mp4
test_45922_01,candidate_00,BILATERAL_HOLD_NOT_ESTABLISHED,SLOW_CLOSE,False,0.093611765776062,0.0,,-1.0000000000808407,/data1/home/rangeryx/fr3_real2sim_piper_mobile/results/operational_structure_20261005_v3/episodes/test_45922_01/candidate_00/contact_baseline.mp4
test_45922_01,candidate_01,BILATERAL_HOLD_NOT_ESTABLISHED,SLOW_CLOSE,False,0.10623960581817626,0.0,,-1.0000000000808407,/data1/home/rangeryx/fr3_real2sim_piper_mobile/results/operational_structure_20261005_v3/episodes/test_45922_01/candidate_01/contact_baseline.mp4
test_45922_01,candidate_02,BILATERAL_HOLD_NOT_ESTABLISHED,SLOW_CLOSE,False,0.1196188220123291,0.0,,-1.0000000000808407,/data1/home/rangeryx/fr3_real2sim_piper_mobile/results/operational_structure_20261005_v3/episodes/test_45922_01/candidate_02/contact_baseline.mp4
test_47601_00,candidate_00,UNOBSERVABLE,PROBE_HOLD,True,0.13384859648742675,7.659102333903211e-05,,-9.713705395597572e-09,/data1/home/rangeryx/fr3_real2sim_piper_mobile/results/operational_structure_20261005_v3/episodes/test_47601_00/candidate_00/contact_baseline.mp4
test_47601_01,candidate_00,UNOBSERVABLE,PROBE_HOLD,True,0.10040156928100585,5.969280508696247e-05,,-0.9999999967164153,/data1/home/rangeryx/fr3_real2sim_piper_mobile/results/operational_structure_20261005_v3/episodes/test_47601_01/candidate_00/contact_baseline.mp4
