episode_id,asset_id,fixed_base_feasible,reachable,mobile_recovered,bilateral_grasp,valid_interaction,discovery_status,entered_refinement,heldout_validation_reached,predictive_accepted,operational_structure,high_fidelity_structure,end_to_end_success,status,refinement_segments,minimum_joint_margin_rad,actual_opening_deg,max_contact_plane_drift_m,final_true_relative_slip_m,reconstruction_rmse_m,accuracy_threshold_m,video,discovery_axis_error_deg,discovery_axis_line_error_m,refined_axis_error_deg,refined_axis_line_error_m,T1_position_rmse_m,T1_rotation_rmse_rad,T1_endpoint_error_m,T1_tangent_error_deg,T2_position_rmse_m,T2_rotation_rmse_rad,T2_endpoint_error_m,T2_tangent_error_deg,heldout_improved,soft_refits,stop_layer,T2_measured_continuation_m,T2_useful_continuation
test_47601_00,47601,True,True,False,True,False,NOT_REACHED,False,False,False,False,False,False,UNOBSERVABLE,0,0.13384859648742675,-9.713705395597572e-09,0.0002081832210092526,0.0002250922420186767,,0.0003,/data1/home/rangeryx/fr3_real2sim_piper_mobile/results/operational_structure_20261005_v3/episodes/test_47601_00/candidate_00/contact_baseline.mp4,,,,,,,,,,,,,False,0,INTERACTION_OR_REACHABILITY,,False
test_47601_01,47601,True,True,False,True,False,NOT_REACHED,False,False,False,False,False,False,UNOBSERVABLE,0,0.10040156928100585,-0.9999999967164153,5.9808015751666004e-05,0.00027600263385081934,,0.0003,/data1/home/rangeryx/fr3_real2sim_piper_mobile/results/operational_structure_20261005_v3/episodes/test_47601_01/candidate_00/contact_baseline.mp4,,,,,,,,,,,,,False,0,INTERACTION_OR_REACHABILITY,,False
test_45385_00,45385,True,True,False,False,False,NOT_REACHED,False,False,False,False,False,False,DANGEROUS_LOADED_CONTACT:gripper_link2:/World/articulated_pose/asset/Geometry/l_world/l_0/abstract_0_1/l_1/tn__l_1_original36_aL/tn__l_1_original36_aL,0,,,,,,0.0003,,,,,,,,,,,,,,False,0,PHYSICAL_SAFETY,,
test_45385_01,45385,True,True,False,True,True,PROVISIONAL_REVOLUTE,True,True,False,False,True,False,OPERATIONAL_PREDICTION_REJECTED,120,0.14847474185028076,2.969440221786499,0.00015540006800002102,0.0031246589668385842,4.983423963456239e-05,0.0003,/data1/home/rangeryx/fr3_real2sim_piper_mobile/results/operational_structure_20261005_v3/episodes/test_45385_01/candidate_00/contact_baseline.mp4,6.480221773241537,0.06766617340029517,0.6110462044797468,0.21308842464878036,0.0001221551224609389,0.0002525741390883815,0.00012110776264925528,0.8557884971306877,9.512484338114303e-05,0.00017474579660188604,0.00023874549565752615,1.2941019986881133,True,4,STRUCTURE_ACCEPTANCE,,False
test_47388_00,47388,False,False,False,False,False,NOT_REACHED,False,False,False,False,False,False,NO_MOBILE_RECOVERY,0,,,,,,0.0003,,,,,,,,,,,,,,False,0,DEPLOYMENT,,
test_47388_01,47388,False,False,False,False,False,NOT_REACHED,False,False,False,False,False,False,NO_MOBILE_RECOVERY,0,,,,,,0.0003,,,,,,,,,,,,,,False,0,DEPLOYMENT,,
test_45916_00,45916,False,False,False,False,False,NOT_REACHED,False,False,False,False,False,False,NO_MOBILE_RECOVERY,0,,,,,,0.0003,,,,,,,,,,,,,,False,0,DEPLOYMENT,,
test_45916_01,45916,False,False,False,False,False,NOT_REACHED,False,False,False,False,False,False,NO_MOBILE_RECOVERY,0,,,,,,0.0003,,,,,,,,,,,,,,False,0,DEPLOYMENT,,
test_45671_00,45671,True,True,False,True,True,PROVISIONAL_REVOLUTE,True,True,False,False,False,False,OPERATIONAL_PREDICTION_REJECTED,120,0.07463233557739257,3.915874481201172,9.872053538879159e-05,0.0012641278797842549,0.0007974616452740641,0.0003,/data1/home/rangeryx/fr3_real2sim_piper_mobile/results/operational_structure_20261005_v3/episodes/test_45671_00/candidate_00/contact_baseline.mp4,12.777449329152235,0.018686142205842266,0.1044870196541622,0.025687563601179374,0.00017131783020684897,0.0003204510590540273,0.0002817096503970355,1.0978912321291532,0.00010034882148718899,0.00015762576935777342,0.00022359628846406465,0.5121156682398074,True,4,STRUCTURE_ACCEPTANCE,,False
test_45671_01,45671,True,True,False,True,True,PROVISIONAL_REVOLUTE,True,True,False,False,False,False,OPERATIONAL_PREDICTION_REJECTED,120,0.10639445868530273,4.856281280517578,0.00014863790021700646,0.0013451275310602414,0.0003727887239615488,0.0003,/data1/home/rangeryx/fr3_real2sim_piper_mobile/results/operational_structure_20261005_v3/episodes/test_45671_01/candidate_00/contact_baseline.mp4,5.154344041809225,0.022895626563599808,0.020327945480747605,0.047620681299195076,3.26330522373313e-05,0.0004481875990174665,5.536767376911426e-05,0.9970274348668416,5.61873210554518e-05,0.0005392682562474001,0.00013143335640633457,1.0253997263440047,False,2,STRUCTURE_ACCEPTANCE,,False
test_45922_00,45922,True,True,False,False,False,NOT_REACHED,False,False,False,False,False,False,BILATERAL_HOLD_NOT_ESTABLISHED,0,,,,,,0.0003,,,,,,,,,,,,,,False,0,INTERACTION_OR_REACHABILITY,,
test_45922_01,45922,True,True,False,False,False,NOT_REACHED,False,False,False,False,False,False,BILATERAL_HOLD_NOT_ESTABLISHED,0,,,,,,0.0003,,,,,,,,,,,,,,False,0,INTERACTION_OR_REACHABILITY,,
