episode_id,event,t,phase,model_error_m,physical_failure,explained,optimizer_converged,independent_failed_windows,heldout_fitted
test_45385_01,SOFT_MODEL_INCONSISTENCY,188.19166666666666,ESTIMATED_FOLLOW,0.0010176207081924265,False,,,,
test_45385_01,REFIT_REDUCE_STEP,188.7125,,,False,False,True,0,
test_45385_01,SOFT_MODEL_INCONSISTENCY,197.41666666666666,ESTIMATED_FOLLOW,0.0010132028257649724,False,,,,
test_45385_01,REFIT_REDUCE_STEP,197.91666666666666,,,False,True,True,0,
test_45385_01,SOFT_MODEL_INCONSISTENCY,206.2625,ESTIMATED_FOLLOW,0.0010137277573091514,False,,,,
test_45385_01,REFIT_REDUCE_STEP,206.7875,,,False,False,True,0,
test_45385_01,SOFT_MODEL_INCONSISTENCY,221.71666666666667,ESTIMATED_FOLLOW,0.001011403840808593,False,,,,
test_45385_01,REFIT_REDUCE_STEP,222.24583333333334,,,False,True,True,0,
test_45671_00,SOFT_MODEL_INCONSISTENCY,176.67083333333332,ESTIMATED_FOLLOW,0.0010155533479086073,False,,,,
test_45671_00,REFIT_REDUCE_STEP,177.17916666666667,,,False,True,False,0,
test_45671_00,SOFT_MODEL_INCONSISTENCY,204.5,ESTIMATED_FOLLOW,0.0010103683865639414,False,,,,
test_45671_00,REFIT_REDUCE_STEP,205.02916666666667,,,False,True,True,0,
test_45671_00,SOFT_MODEL_INCONSISTENCY,213.63333333333333,ESTIMATED_FOLLOW,0.0010154461081530257,False,,,,
test_45671_00,REFIT_REDUCE_STEP,214.13333333333333,,,False,True,True,0,
test_45671_00,SOFT_MODEL_INCONSISTENCY,227.69166666666666,ESTIMATED_FOLLOW,0.001011283383080045,False,,,,
test_45671_00,REFIT_REDUCE_STEP,228.2125,,,False,True,True,0,
test_45671_00,SOFT_MODEL_INCONSISTENCY,244.49166666666667,STRUCTURE_VALIDATION,0.0010186670642761706,False,,,,
test_45671_00,FROZEN_MODEL_LOCAL_CHECK,244.49166666666667,STRUCTURE_VALIDATION,,False,True,,,False
test_45671_00,SOFT_MODEL_INCONSISTENCY,244.59583333333333,STRUCTURE_VALIDATION,0.001037668218013633,False,,,,
test_45671_00,FROZEN_MODEL_LOCAL_CHECK,244.59583333333333,STRUCTURE_VALIDATION,,False,True,,,False
test_45671_00,SOFT_MODEL_INCONSISTENCY,244.7,STRUCTURE_VALIDATION,0.0010491923744463888,False,,,,
test_45671_00,FROZEN_MODEL_LOCAL_CHECK,244.7,STRUCTURE_VALIDATION,,False,True,,,False
test_45671_00,SOFT_MODEL_INCONSISTENCY,244.80416666666667,STRUCTURE_VALIDATION,0.0010578908035675312,False,,,,
test_45671_00,FROZEN_MODEL_LOCAL_CHECK,244.80416666666667,STRUCTURE_VALIDATION,,False,True,,,False
test_45671_00,SOFT_MODEL_INCONSISTENCY,244.90833333333333,STRUCTURE_VALIDATION,0.001069632122034954,False,,,,
test_45671_00,FROZEN_MODEL_LOCAL_CHECK,244.90833333333333,STRUCTURE_VALIDATION,,False,True,,,False
test_45671_00,SOFT_MODEL_INCONSISTENCY,245.0125,STRUCTURE_VALIDATION,0.0010812498341762273,False,,,,
test_45671_00,FROZEN_MODEL_LOCAL_CHECK,245.0125,STRUCTURE_VALIDATION,,False,True,,,False
test_45671_00,SOFT_MODEL_INCONSISTENCY,245.11666666666667,STRUCTURE_VALIDATION,0.0010890051053167062,False,,,,
test_45671_00,FROZEN_MODEL_LOCAL_CHECK,245.11666666666667,STRUCTURE_VALIDATION,,False,True,,,False
test_45671_00,SOFT_MODEL_INCONSISTENCY,245.22083333333333,STRUCTURE_VALIDATION,0.0010956095716651826,False,,,,
test_45671_00,FROZEN_MODEL_LOCAL_CHECK,245.22083333333333,STRUCTURE_VALIDATION,,False,True,,,False
test_45671_00,SOFT_MODEL_INCONSISTENCY,245.325,STRUCTURE_VALIDATION,0.0011096939795092902,False,,,,
test_45671_00,FROZEN_MODEL_LOCAL_CHECK,245.325,STRUCTURE_VALIDATION,,False,True,,,False
test_45671_00,SOFT_MODEL_INCONSISTENCY,245.42916666666667,STRUCTURE_VALIDATION,0.0011169385217417965,False,,,,
test_45671_00,FROZEN_MODEL_LOCAL_CHECK,245.42916666666667,STRUCTURE_VALIDATION,,False,True,,,False
test_45671_00,SOFT_MODEL_INCONSISTENCY,245.53333333333333,STRUCTURE_VALIDATION,0.0011235700723263515,False,,,,
test_45671_00,FROZEN_MODEL_LOCAL_CHECK,245.53333333333333,STRUCTURE_VALIDATION,,False,True,,,False
test_45671_00,SOFT_MODEL_INCONSISTENCY,245.6375,STRUCTURE_VALIDATION,0.0011253062660304405,False,,,,
test_45671_00,FROZEN_MODEL_LOCAL_CHECK,245.6375,STRUCTURE_VALIDATION,,False,True,,,False
test_45671_00,SOFT_MODEL_INCONSISTENCY,245.74166666666667,STRUCTURE_VALIDATION,0.0011259393788324084,False,,,,
test_45671_00,FROZEN_MODEL_LOCAL_CHECK,245.74166666666667,STRUCTURE_VALIDATION,,False,True,,,False
test_45671_00,SOFT_MODEL_INCONSISTENCY,245.84583333333333,STRUCTURE_VALIDATION,0.001127562146971872,False,,,,
test_45671_00,FROZEN_MODEL_LOCAL_CHECK,245.84583333333333,STRUCTURE_VALIDATION,,False,True,,,False
test_45671_00,SOFT_MODEL_INCONSISTENCY,245.95,STRUCTURE_VALIDATION,0.0011258341689062436,False,,,,
test_45671_00,FROZEN_MODEL_LOCAL_CHECK,245.95,STRUCTURE_VALIDATION,,False,True,,,False
test_45671_00,SOFT_MODEL_INCONSISTENCY,246.05416666666667,STRUCTURE_VALIDATION,0.0011234355066716997,False,,,,
test_45671_00,FROZEN_MODEL_LOCAL_CHECK,246.05416666666667,STRUCTURE_VALIDATION,,False,True,,,False
test_45671_00,SOFT_MODEL_INCONSISTENCY,246.15833333333333,STRUCTURE_VALIDATION,0.0011177079223568572,False,,,,
test_45671_00,FROZEN_MODEL_LOCAL_CHECK,246.15833333333333,STRUCTURE_VALIDATION,,False,True,,,False
test_45671_00,SOFT_MODEL_INCONSISTENCY,246.2625,STRUCTURE_VALIDATION,0.0011089180074218572,False,,,,
test_45671_00,FROZEN_MODEL_LOCAL_CHECK,246.2625,STRUCTURE_VALIDATION,,False,True,,,False
test_45671_00,SOFT_MODEL_INCONSISTENCY,246.36666666666667,STRUCTURE_VALIDATION,0.0011126119985791602,False,,,,
test_45671_00,FROZEN_MODEL_LOCAL_CHECK,246.36666666666667,STRUCTURE_VALIDATION,,False,True,,,False
test_45671_00,SOFT_MODEL_INCONSISTENCY,246.47083333333333,STRUCTURE_VALIDATION,0.0011076877829394691,False,,,,
test_45671_00,FROZEN_MODEL_LOCAL_CHECK,246.47083333333333,STRUCTURE_VALIDATION,,False,True,,,False
test_45671_00,SOFT_MODEL_INCONSISTENCY,246.575,STRUCTURE_VALIDATION,0.0011027996845587261,False,,,,
test_45671_00,FROZEN_MODEL_LOCAL_CHECK,246.575,STRUCTURE_VALIDATION,,False,True,,,False
test_45671_00,SOFT_MODEL_INCONSISTENCY,246.67916666666667,STRUCTURE_VALIDATION,0.0011129154531267576,False,,,,
test_45671_00,FROZEN_MODEL_LOCAL_CHECK,246.67916666666667,STRUCTURE_VALIDATION,,False,True,,,False
test_45671_00,SOFT_MODEL_INCONSISTENCY,246.78333333333333,STRUCTURE_VALIDATION,0.0011185331810516152,False,,,,
test_45671_00,FROZEN_MODEL_LOCAL_CHECK,246.78333333333333,STRUCTURE_VALIDATION,,False,True,,,False
test_45671_00,SOFT_MODEL_INCONSISTENCY,246.8875,STRUCTURE_VALIDATION,0.00112695473579239,False,,,,
test_45671_00,FROZEN_MODEL_LOCAL_CHECK,246.8875,STRUCTURE_VALIDATION,,False,True,,,False
test_45671_00,SOFT_MODEL_INCONSISTENCY,246.99166666666667,STRUCTURE_VALIDATION,0.0011367264916990138,False,,,,
test_45671_00,FROZEN_MODEL_LOCAL_CHECK,246.99166666666667,STRUCTURE_VALIDATION,,False,True,,,False
test_45671_00,SOFT_MODEL_INCONSISTENCY,247.09583333333333,STRUCTURE_VALIDATION,0.0011326698583906997,False,,,,
test_45671_00,FROZEN_MODEL_LOCAL_CHECK,247.09583333333333,STRUCTURE_VALIDATION,,False,True,,,False
test_45671_00,SOFT_MODEL_INCONSISTENCY,247.2,STRUCTURE_VALIDATION,0.001142237044195765,False,,,,
test_45671_00,FROZEN_MODEL_LOCAL_CHECK,247.2,STRUCTURE_VALIDATION,,False,True,,,False
test_45671_00,SOFT_MODEL_INCONSISTENCY,247.30416666666667,STRUCTURE_VALIDATION,0.0011465064998227904,False,,,,
test_45671_00,FROZEN_MODEL_LOCAL_CHECK,247.30416666666667,STRUCTURE_VALIDATION,,False,True,,,False
test_45671_00,SOFT_MODEL_INCONSISTENCY,247.40833333333333,STRUCTURE_VALIDATION,0.0011526025650899646,False,,,,
test_45671_00,FROZEN_MODEL_LOCAL_CHECK,247.40833333333333,STRUCTURE_VALIDATION,,False,True,,,False
test_45671_00,SOFT_MODEL_INCONSISTENCY,247.5125,STRUCTURE_VALIDATION,0.0011572754834901634,False,,,,
test_45671_00,FROZEN_MODEL_LOCAL_CHECK,247.5125,STRUCTURE_VALIDATION,,False,True,,,False
test_45671_00,SOFT_MODEL_INCONSISTENCY,247.61666666666667,STRUCTURE_VALIDATION,0.0011659182400397222,False,,,,
test_45671_00,FROZEN_MODEL_LOCAL_CHECK,247.61666666666667,STRUCTURE_VALIDATION,,False,True,,,False
test_45671_00,SOFT_MODEL_INCONSISTENCY,247.72083333333333,STRUCTURE_VALIDATION,0.0011846008750260224,False,,,,
test_45671_00,FROZEN_MODEL_LOCAL_CHECK,247.72083333333333,STRUCTURE_VALIDATION,,False,True,,,False
test_45671_00,SOFT_MODEL_INCONSISTENCY,247.825,STRUCTURE_VALIDATION,0.001189712320522271,False,,,,
test_45671_00,FROZEN_MODEL_LOCAL_CHECK,247.825,STRUCTURE_VALIDATION,,False,True,,,False
test_45671_00,SOFT_MODEL_INCONSISTENCY,247.92916666666667,STRUCTURE_VALIDATION,0.0011999829764890448,False,,,,
test_45671_00,FROZEN_MODEL_LOCAL_CHECK,247.92916666666667,STRUCTURE_VALIDATION,,False,True,,,False
test_45671_00,SOFT_MODEL_INCONSISTENCY,248.03333333333333,STRUCTURE_VALIDATION,0.0012001191840462552,False,,,,
test_45671_00,FROZEN_MODEL_LOCAL_CHECK,248.03333333333333,STRUCTURE_VALIDATION,,False,True,,,False
test_45671_00,SOFT_MODEL_INCONSISTENCY,248.1375,STRUCTURE_VALIDATION,0.0012078691701699472,False,,,,
test_45671_00,FROZEN_MODEL_LOCAL_CHECK,248.1375,STRUCTURE_VALIDATION,,False,True,,,False
test_45671_00,SOFT_MODEL_INCONSISTENCY,248.24166666666667,STRUCTURE_VALIDATION,0.001213458617176822,False,,,,
test_45671_00,FROZEN_MODEL_LOCAL_CHECK,248.24166666666667,STRUCTURE_VALIDATION,,False,True,,,False
test_45671_00,SOFT_MODEL_INCONSISTENCY,248.34583333333333,STRUCTURE_VALIDATION,0.0012157849745011407,False,,,,
test_45671_00,FROZEN_MODEL_LOCAL_CHECK,248.34583333333333,STRUCTURE_VALIDATION,,False,True,,,False
test_45671_00,SOFT_MODEL_INCONSISTENCY,248.45,STRUCTURE_VALIDATION,0.0012269201788808499,False,,,,
test_45671_00,FROZEN_MODEL_LOCAL_CHECK,248.45,STRUCTURE_VALIDATION,,False,True,,,False
test_45671_00,SOFT_MODEL_INCONSISTENCY,248.55416666666667,STRUCTURE_VALIDATION,0.0012358981702300935,False,,,,
test_45671_00,FROZEN_MODEL_LOCAL_CHECK,248.55416666666667,STRUCTURE_VALIDATION,,False,True,,,False
test_45671_00,SOFT_MODEL_INCONSISTENCY,248.65833333333333,STRUCTURE_VALIDATION,0.0012453235039591789,False,,,,
test_45671_00,FROZEN_MODEL_LOCAL_CHECK,248.65833333333333,STRUCTURE_VALIDATION,,False,True,,,False
test_45671_00,SOFT_MODEL_INCONSISTENCY,248.7625,STRUCTURE_VALIDATION,0.0012474660761548303,False,,,,
test_45671_00,FROZEN_MODEL_LOCAL_CHECK,248.7625,STRUCTURE_VALIDATION,,False,True,,,False
test_45671_00,SOFT_MODEL_INCONSISTENCY,248.86666666666667,STRUCTURE_VALIDATION,0.0012528724735082646,False,,,,
test_45671_00,FROZEN_MODEL_LOCAL_CHECK,248.86666666666667,STRUCTURE_VALIDATION,,False,True,,,False
test_45671_00,SOFT_MODEL_INCONSISTENCY,248.97083333333333,STRUCTURE_VALIDATION,0.0012567283034565955,False,,,,
test_45671_00,FROZEN_MODEL_LOCAL_CHECK,248.97083333333333,STRUCTURE_VALIDATION,,False,True,,,False
test_45671_00,SOFT_MODEL_INCONSISTENCY,249.075,STRUCTURE_VALIDATION,0.0012637072388000004,False,,,,
test_45671_00,FROZEN_MODEL_LOCAL_CHECK,249.075,STRUCTURE_VALIDATION,,False,True,,,False
test_45671_00,SOFT_MODEL_INCONSISTENCY,249.17916666666667,STRUCTURE_VALIDATION,0.0012752498158572691,False,,,,
test_45671_00,FROZEN_MODEL_LOCAL_CHECK,249.17916666666667,STRUCTURE_VALIDATION,,False,True,,,False
test_45671_00,SOFT_MODEL_INCONSISTENCY,249.28333333333333,STRUCTURE_VALIDATION,0.00129227353072305,False,,,,
test_45671_00,FROZEN_MODEL_LOCAL_CHECK,249.28333333333333,STRUCTURE_VALIDATION,,False,True,,,False
test_45671_00,SOFT_MODEL_INCONSISTENCY,249.3875,STRUCTURE_VALIDATION,0.0013028069143070713,False,,,,
test_45671_00,FROZEN_MODEL_LOCAL_CHECK,249.3875,STRUCTURE_VALIDATION,,False,True,,,False
test_45671_00,SOFT_MODEL_INCONSISTENCY,249.49166666666667,STRUCTURE_VALIDATION,0.0013188734010309306,False,,,,
test_45671_00,FROZEN_MODEL_LOCAL_CHECK,249.49166666666667,STRUCTURE_VALIDATION,,False,True,,,False
test_45671_00,SOFT_MODEL_INCONSISTENCY,249.59583333333333,STRUCTURE_VALIDATION,0.001334556043010546,False,,,,
test_45671_00,FROZEN_MODEL_LOCAL_CHECK,249.59583333333333,STRUCTURE_VALIDATION,,False,True,,,False
test_45671_00,SOFT_MODEL_INCONSISTENCY,249.7,STRUCTURE_VALIDATION,0.0013520050741913296,False,,,,
test_45671_00,FROZEN_MODEL_LOCAL_CHECK,249.7,STRUCTURE_VALIDATION,,False,True,,,False
test_45671_00,SOFT_MODEL_INCONSISTENCY,249.80416666666667,STRUCTURE_VALIDATION,0.001363100103592684,False,,,,
test_45671_00,FROZEN_MODEL_LOCAL_CHECK,249.80416666666667,STRUCTURE_VALIDATION,,False,False,,,False
test_45671_00,SOFT_MODEL_INCONSISTENCY,249.90833333333333,STRUCTURE_VALIDATION,0.0013758671801128097,False,,,,
test_45671_00,FROZEN_MODEL_LOCAL_CHECK,249.90833333333333,STRUCTURE_VALIDATION,,False,False,,,False
test_45671_00,SOFT_MODEL_INCONSISTENCY,250.0125,STRUCTURE_VALIDATION,0.001387833895180162,False,,,,
test_45671_00,FROZEN_MODEL_LOCAL_CHECK,250.0125,STRUCTURE_VALIDATION,,False,False,,,False
test_45671_01,SOFT_MODEL_INCONSISTENCY,221.3125,ESTIMATED_FOLLOW,0.0010136037674438117,False,,,,
test_45671_01,REFIT_REDUCE_STEP,221.82916666666665,,,False,True,True,0,
test_45671_01,SOFT_MODEL_INCONSISTENCY,243.62083333333334,ESTIMATED_FOLLOW,0.0010025569533346906,False,,,,
test_45671_01,REFIT_REDUCE_STEP,244.12083333333334,,,False,True,True,0,
